entity;coupled;degree;average-revs
app/views/potential_matches/_no_potential_givers.html.erb;app/views/potential_matches/_no_potential_recipients.html.erb;100;14
app/views/admin/stats/_invitation_stats.html.erb;app/views/admin/stats/_work_stats.html.erb;100;9
app/views/admin/stats/_user_stats.html.erb;app/views/admin/stats/_work_stats.html.erb;100;9
public/apple-touch-icon-144x144-precomposed.png;public/apple-touch-icon-precomposed.png;100;9
app/views/admin/stats/_invitation_stats.html.erb;app/views/admin/stats/_user_stats.html.erb;100;9
app/views/admin/skins/index.html.erb;app/views/admin/skins/index_rejected.html.erb;100;9
public/apple-touch-icon-114x114-precomposed.png;public/apple-touch-icon-72x72-precomposed.png;100;8
public/apple-touch-icon-114x114-precomposed.png;public/apple-touch-icon.png;100;8
test/fixtures/related_works.yml;test/fixtures/serial_works.yml;100;8
public/apple-touch-icon-57x57-precomposed.png;public/apple-touch-icon.png;100;8
public/apple-touch-icon-114x114-precomposed.png;public/apple-touch-icon-57x57-precomposed.png;100;8
public/apple-touch-icon-72x72-precomposed.png;public/apple-touch-icon.png;100;8
public/apple-touch-icon-57x57-precomposed.png;public/apple-touch-icon-72x72-precomposed.png;100;8
app/views/comment_mailer/comment_notification.html.erb;app/views/comment_mailer/comment_sent_notification.html.erb;100;7
app/views/devmode/list_controllers.html.erb;app/views/devmode/seedworks.html.erb;100;7
features/cassette_library/cucumber_tags/bookmark_fandom_error.yml;features/cassette_library/cucumber_tags/bookmark_url_error.yml;100;7
features/cassette_library/cucumber_tags/import_lj_multi_chapter.yml;features/cassette_library/cucumber_tags/import_lj_tables.yml;100;6
features/cassette_library/cucumber_tags/import_lj_no_backdate.yml;features/cassette_library/cucumber_tags/import_lj_tables.yml;100;6
features/cassette_library/cucumber_tags/import_lj.yml;features/cassette_library/cucumber_tags/import_lj_underscores.yml;100;6
features/cassette_library/cucumber_tags/import_lj.yml;features/cassette_library/cucumber_tags/import_lj_no_backdate.yml;100;6
features/cassette_library/cucumber_tags/import_da_fic.yml;features/cassette_library/cucumber_tags/import_da_title_link.yml;100;6
app/models/character_nomination.rb;app/models/relationship_nomination.rb;100;6
features/cassette_library/cucumber_tags/import_lj.yml;features/cassette_library/cucumber_tags/import_lj_multi_chapter.yml;100;6
features/cassette_library/cucumber_tags/import_lj_multi_chapter.yml;features/cassette_library/cucumber_tags/import_lj_no_backdate.yml;100;6
features/cassette_library/cucumber_tags/import_lj_no_backdate.yml;features/cassette_library/cucumber_tags/import_lj_underscores.yml;100;6
public/apple-touch-icon-152x152-precomposed.png;public/apple-touch-icon-180x180-precomposed.png;100;6
features/cassette_library/cucumber_tags/import_lj_multi_chapter.yml;features/cassette_library/cucumber_tags/import_lj_underscores.yml;100;6
features/cassette_library/cucumber_tags/import_lj_tables.yml;features/cassette_library/cucumber_tags/import_lj_underscores.yml;100;6
public/javascripts/tinymce/plugins/media/plugin.min.js;public/javascripts/tinymce/tinymce.min.js;100;6
features/cassette_library/cucumber_tags/import_lj.yml;features/cassette_library/cucumber_tags/import_lj_tables.yml;100;6
app/views/user_mailer/edited_comment_notification.html.erb;app/views/user_mailer/edited_comment_reply_notification.html.erb;100;5
public/apple-touch-icon-120x120.png;public/apple-touch-icon-180x180.png;100;5
app/views/bookmarks/fetch_recent.js.erb;app/views/bookmarks/hide_recent.js.erb;100;5
public/apple-touch-icon-152x152.png;public/apple-touch-icon-76x76-precomposed.png;100;5
public/403.html;public/422.html;95;12
public/stylesheets/site/2.0/29-role-ie5.css;public/stylesheets/site/2.0/30-role-ie6.css;94;10
test/fixtures/inbox_comments.yml;test/fixtures/related_works.yml;94;9
app/views/admin/skins/index.html.erb;app/views/admin/skins/index_approved.html.erb;94;9
public/apple-touch-icon-114x114-precomposed.png;public/apple-touch-icon-144x144-precomposed.png;94;9
public/apple-touch-icon-72x72-precomposed.png;public/apple-touch-icon-precomposed.png;94;9
test/fixtures/inbox_comments.yml;test/fixtures/serial_works.yml;94;9
public/apple-touch-icon-144x144-precomposed.png;public/apple-touch-icon-57x57-precomposed.png;94;9
public/apple-touch-icon-precomposed.png;public/apple-touch-icon.png;94;9
public/apple-touch-icon-144x144-precomposed.png;public/apple-touch-icon.png;94;9
app/views/admin/skins/index_approved.html.erb;app/views/admin/skins/index_rejected.html.erb;94;9
app/views/inbox/_delete_form.html.erb;app/views/inbox/_read_form.html.erb;94;9
test/fixtures/related_works.yml;test/fixtures/roles_users.yml;94;9
test/fixtures/related_works.yml;test/fixtures/series.yml;94;9
public/apple-touch-icon-114x114-precomposed.png;public/apple-touch-icon-precomposed.png;94;9
public/apple-touch-icon-57x57-precomposed.png;public/apple-touch-icon-precomposed.png;94;9
public/apple-touch-icon-144x144-precomposed.png;public/apple-touch-icon-72x72-precomposed.png;94;9
test/fixtures/roles_users.yml;test/fixtures/serial_works.yml;94;9
test/fixtures/serial_works.yml;test/fixtures/series.yml;94;9
app/views/comment_mailer/comment_reply_notification.html.erb;app/views/comment_mailer/edited_comment_notification.html.erb;94;9
app/views/devmode/index.html.erb;app/views/devmode/list_controllers.html.erb;93;8
app/views/devmode/index.html.erb;app/views/devmode/seedworks.html.erb;93;8
doc/app/js/search_index.js;doc/app/table_of_contents.html;90;17
public/403.html;public/404.html;90;11
public/apple-touch-icon-120x120-precomposed.png;public/apple-touch-icon-152x152.png;90;6
app/models/potential_matcher/potential_matcher_constrained.rb;app/models/potential_matcher/potential_matcher_unconstrained.rb;90;6
public/apple-touch-icon-120x120-precomposed.png;public/apple-touch-icon-76x76-precomposed.png;90;6
app/views/user_mailer/comment_notification.html.erb;app/views/user_mailer/comment_sent_notification.html.erb;90;6
app/views/chapters/download.html.erb;app/views/works/download.html.erb;90;6
public/javascripts/ao3modal.js;public/javascripts/ao3modal.min.js;88;13
test/fixtures/inbox_comments.yml;test/fixtures/series.yml;88;9
app/views/potential_matches/_no_assigned_recipient.html.erb;app/views/potential_matches/_successful_assignments.html.erb;88;9
test/fixtures/inbox_comments.yml;test/fixtures/roles_users.yml;88;9
app/views/comment_mailer/comment_reply_notification.html.erb;app/views/comment_mailer/edited_comment_reply_notification.html.erb;88;9
test/fixtures/roles_users.yml;test/fixtures/series.yml;88;9
app/views/devmode/list_controllers.html.erb;app/views/devmode/seedusers.html.erb;87;8
app/views/devmode/seedusers.html.erb;app/views/devmode/seedworks.html.erb;87;8
app/views/session/_openid.html.erb;app/views/session/_passwd.html.erb;86;15
public/404.html;public/422.html;86;12
app/views/abuse_reports/index.html.erb;app/views/abuse_reports/show.html.erb;85;14
app/views/user_mailer/added_to_collection_notification.html.erb;app/views/user_mailer/added_to_collection_notification.text.erb;85;7
app/views/pseuds/edit.html.erb;app/views/pseuds/new.html.erb;84;10
app/views/potential_matches/_no_assigned_giver.html.erb;app/views/potential_matches/_no_assigned_recipient.html.erb;84;10
test/fixtures/profiles.yml;test/fixtures/related_works.yml;84;10
test/fixtures/profiles.yml;test/fixtures/serial_works.yml;84;10
test/fixtures/creatorships.yml;test/fixtures/profiles.yml;83;12
public/apple-touch-icon-152x152-precomposed.png;public/apple-touch-icon-167x167-precomposed.png;83;6
app/views/known_issues/index.html.erb;app/views/known_issues/show.html.erb;83;6
test/unit/profile_test.rb;test/unit/reading_test.rb;83;6
app/views/orphans/_orphan_pseud.html.erb;app/views/orphans/_orphan_user.html.erb;83;6
public/apple-touch-icon-120x120-precomposed.png;public/apple-touch-icon-180x180-precomposed.png;83;6
public/apple-touch-icon-120x120-precomposed.png;public/apple-touch-icon-152x152-precomposed.png;83;6
app/views/user_mailer/invited_to_collection_notification.html.erb;app/views/user_mailer/invited_to_collection_notification.text.erb;83;6
app/views/collections/_bookmarks_module.html.erb;app/views/collections/_works_module.html.erb;83;6
public/apple-touch-icon-167x167-precomposed.png;public/apple-touch-icon-180x180-precomposed.png;83;6
test/fixtures/related_works.yml;test/fixtures/roles.yml;82;9
test/fixtures/roles.yml;test/fixtures/serial_works.yml;82;9
app/views/comment_mailer/edited_comment_notification.html.erb;app/views/comment_mailer/edited_comment_reply_notification.html.erb;82;9
app/views/devmode/index.html.erb;app/views/devmode/seedusers.html.erb;82;9
app/views/potential_matches/_no_assigned_giver.html.erb;app/views/potential_matches/_no_potential_recipients.html.erb;80;13
app/views/potential_matches/_no_assigned_giver.html.erb;app/views/potential_matches/_no_potential_givers.html.erb;80;13
test/fixtures/profiles.yml;test/fixtures/series.yml;80;10
test/fixtures/profiles.yml;test/fixtures/roles_users.yml;80;10
app/views/translators/index.html.erb;app/views/translators/new.html.erb;80;10
test/fixtures/inbox_comments.yml;test/fixtures/profiles.yml;80;10
app/views/admin/stats/_invitation_stats.html.erb;app/views/admin/stats/index.html.erb;80;8
app/controllers/admin/approve_skins_controller.rb;app/views/admin/approve_skins/index.html.erb;80;8
app/views/comment_mailer/comment_notification.html.erb;app/views/comment_mailer/edited_comment_notification.html.erb;80;8
app/views/admin/stats/_user_stats.html.erb;app/views/admin/stats/index.html.erb;80;8
app/views/user_mailer/comment_reply_notification.html.erb;app/views/user_mailer/comment_sent_notification.html.erb;80;8
app/views/comment_mailer/comment_sent_notification.html.erb;app/views/comment_mailer/edited_comment_notification.html.erb;80;8
app/views/admin/stats/_work_stats.html.erb;app/views/admin/stats/index.html.erb;80;8
test/fixtures/inbox_comments.yml;test/fixtures/roles.yml;77;9
test/fixtures/common_taggings.yml;test/fixtures/serial_works.yml;77;9
test/fixtures/roles.yml;test/fixtures/roles_users.yml;77;9
test/fixtures/common_taggings.yml;test/fixtures/related_works.yml;77;9
test/fixtures/roles.yml;test/fixtures/series.yml;77;9
app/views/potential_matches/_no_assigned_giver.html.erb;app/views/potential_matches/_successful_assignments.html.erb;76;11
test/fixtures/creatorships.yml;test/fixtures/related_works.yml;76;11
public/stylesheets/site/2.0/30-role-ie6.css;public/stylesheets/site/2.0/31-role-ie7.css;76;11
test/fixtures/creatorships.yml;test/fixtures/serial_works.yml;76;11
app/views/bookmarks/search_results.html.erb;app/views/works/search_results.html.erb;76;7
public/javascripts/tinymce/plugins/media/plugin.min.js;public/javascripts/tinymce/plugins/paste/plugin.min.js;76;7
public/javascripts/tinymce/plugins/paste/plugin.min.js;public/javascripts/tinymce/tinymce.min.js;76;7
app/views/user_mailer/added_to_collection_notification.text.erb;app/views/user_mailer/invited_to_collection_notification.text.erb;76;7
app/views/user_mailer/added_to_collection_notification.html.erb;app/views/user_mailer/invited_to_collection_notification.text.erb;76;7
public/javascripts/effects.js;public/javascripts/prototype.js;76;7
app/views/user_mailer/added_to_collection_notification.text.erb;app/views/user_mailer/invited_to_collection_notification.html.erb;76;7
app/views/user_mailer/added_to_collection_notification.html.erb;app/views/user_mailer/invited_to_collection_notification.html.erb;76;7
test/fixtures/chapters.yml;test/fixtures/creatorships.yml;75;15
app/views/admin_mailer/send_spam_alert.html.erb;app/views/admin_mailer/send_spam_alert.text.erb;75;12
app/views/comment_mailer/comment_sent_notification.html.erb;app/views/comment_mailer/edited_comment_reply_notification.html.erb;75;8
app/views/comment_mailer/comment_reply_notification.html.erb;app/views/comment_mailer/comment_sent_notification.html.erb;75;8
app/views/layouts/mailer.html.erb;app/views/layouts/mailer.text.erb;75;8
app/views/comment_mailer/comment_notification.html.erb;app/views/comment_mailer/comment_reply_notification.html.erb;75;8
app/views/comment_mailer/comment_notification.html.erb;app/views/comment_mailer/edited_comment_reply_notification.html.erb;75;8
test/fixtures/bookmarks.yml;test/fixtures/serial_works.yml;73;10
test/fixtures/common_taggings.yml;test/fixtures/series.yml;73;10
test/fixtures/bookmarks.yml;test/fixtures/related_works.yml;73;10
test/fixtures/common_taggings.yml;test/fixtures/inbox_comments.yml;73;10
test/fixtures/common_taggings.yml;test/fixtures/roles_users.yml;73;10
Gemfile;Gemfile.lock;72;214
test/fixtures/creatorships.yml;test/fixtures/series.yml;72;11
app/models/tag_set_nomination.rb;app/views/tag_set_nominations/_nomination_form.html.erb;72;11
test/fixtures/creatorships.yml;test/fixtures/inbox_comments.yml;72;11
app/views/tags/show_hidden.rjs;app/views/tags/show_hidden_freeforms.rjs;72;11
test/fixtures/creatorships.yml;test/fixtures/roles_users.yml;72;11
public/stylesheets/site/2.0/29-role-ie5.css;public/stylesheets/site/2.0/31-role-ie7.css;72;11
app/views/user_mailer/comment_notification.html.erb;app/views/user_mailer/comment_reply_notification.html.erb;71;7
app/views/user_mailer/feedback.html.erb;app/views/user_mailer/feedback.text.erb;71;7
features/tag_wrangling_characters.feature;features/tag_wrangling_freeforms.feature;71;7
test/fixtures/pseuds.yml;test/fixtures/users.yml;70;19
app/views/potential_matches/_no_potential_recipients.html.erb;app/views/potential_matches/_potential_matches.html.erb;70;16
app/views/potential_matches/_no_potential_givers.html.erb;app/views/potential_matches/_potential_matches.html.erb;70;16
test/fixtures/bookmarks.yml;test/fixtures/series.yml;70;10
test/fixtures/bookmarks.yml;test/fixtures/inbox_comments.yml;70;10
test/fixtures/bookmarks.yml;test/fixtures/roles_users.yml;70;10
test/fixtures/profiles.yml;test/fixtures/roles.yml;70;10
test/fixtures/admins.yml;test/fixtures/serial_works.yml;70;10
test/fixtures/admins.yml;test/fixtures/related_works.yml;70;10
test/fixtures/preferences.yml;test/fixtures/profiles.yml;69;13
test/fixtures/preferences.yml;test/fixtures/related_works.yml;69;12
test/fixtures/preferences.yml;test/fixtures/serial_works.yml;69;12
public/422.html;public/500.html;68;18
test/fixtures/creatorships.yml;test/fixtures/pseuds.yml;68;16
test/fixtures/profiles.yml;test/fixtures/users.yml;68;15
test/fixtures/profiles.yml;test/fixtures/pseuds.yml;66;15
test/fixtures/admins.yml;test/fixtures/users.yml;66;15
test/fixtures/chapters.yml;test/fixtures/profiles.yml;66;14
app/views/potential_matches/_no_potential_recipients.html.erb;app/views/potential_matches/_successful_assignments.html.erb;66;12
app/views/potential_matches/_no_potential_givers.html.erb;app/views/potential_matches/_successful_assignments.html.erb;66;12
test/fixtures/inbox_comments.yml;test/fixtures/preferences.yml;66;12
test/fixtures/preferences.yml;test/fixtures/series.yml;66;12
test/fixtures/preferences.yml;test/fixtures/roles_users.yml;66;12
test/fixtures/admins.yml;test/fixtures/roles_users.yml;66;11
test/fixtures/admins.yml;test/fixtures/inbox_comments.yml;66;11
test/fixtures/common_taggings.yml;test/fixtures/profiles.yml;66;11
app/models/character.rb;app/models/freeform.rb;66;11
test/fixtures/admins.yml;test/fixtures/series.yml;66;11
test/fixtures/bookmarks.yml;test/fixtures/common_taggings.yml;66;11
app/models/character_nomination.rb;app/models/tag_nomination.rb;66;9
app/controllers/translations_controller.rb;app/views/translations/index.html.erb;66;9
app/models/relationship_nomination.rb;app/models/tag_nomination.rb;66;9
app/models/fandom_nomination.rb;app/models/tag_nomination.rb;66;9
public/503.html;public/507.html;66;9
public/apple-touch-icon-167x167-precomposed.png;public/apple-touch-icon-precomposed.png;66;8
app/views/user_mailer/batch_subscription_notification.html.erb;app/views/user_mailer/batch_subscription_notification.text.erb;66;8
public/apple-touch-icon-144x144-precomposed.png;public/apple-touch-icon-167x167-precomposed.png;66;8
app/views/chapters/_choose_coauthor.html.erb;app/views/works/_choose_coauthor.html.erb;66;8
public/403.html;public/500.html;64;17
app/views/users/change_email.html.erb;app/views/users/change_password.html.erb;64;17
test/fixtures/creatorships.yml;test/fixtures/users.yml;64;16
test/fixtures/creatorships.yml;test/fixtures/preferences.yml;64;14
app/controllers/tag_set_nominations_controller.rb;app/models/tag_set_nomination.rb;64;14
app/views/challenge/gift_exchange/_gift_exchange_form.html.erb;app/views/challenge/prompt_meme/_prompt_meme_form.html.erb;64;14
test/fixtures/common_taggings.yml;test/fixtures/taggings.yml;64;14
doc/app/created.rid;doc/app/js/search_index.js;63;29
app/views/kudo_mailer/batch_kudo_notification.html.erb;app/views/kudo_mailer/batch_kudo_notification.text.erb;63;11
test/fixtures/admins.yml;test/fixtures/common_taggings.yml;63;11
test/fixtures/creatorships.yml;test/fixtures/roles.yml;63;11
test/fixtures/bookmarks.yml;test/fixtures/profiles.yml;63;11
app/views/potential_matches/_no_assigned_recipient.html.erb;app/views/potential_matches/_no_potential_givers.html.erb;63;11
app/views/potential_matches/_no_assigned_recipient.html.erb;app/views/potential_matches/_no_potential_recipients.html.erb;63;11
test/fixtures/common_taggings.yml;test/fixtures/roles.yml;63;10
app/views/admin_posts/index.html.erb;app/views/admin_posts/show.html.erb;62;23
test/fixtures/chapters.yml;test/fixtures/pseuds.yml;62;18
test/fixtures/profiles.yml;test/fixtures/taggings.yml;62;15
app/controllers/tag_set_nominations_controller.rb;app/models/tag_nomination.rb;62;15
app/views/works/_work_approved_children.html.erb;app/views/works/_work_series_links.html.erb;62;8
app/views/archive_faqs/edit.html.erb;app/views/archive_faqs/new.html.erb;62;8
app/views/challenge_signups/_show_offers.html.erb;app/views/challenge_signups/_show_requests.html.erb;62;8
app/views/bookmarks/search.html.erb;app/views/people/search.html.erb;62;8
app/controllers/admin/api_controller.rb;app/views/admin/api/index.html.erb;62;8
test/fixtures/chapters.yml;test/fixtures/works.yml;61;20
test/fixtures/creatorships.yml;test/fixtures/works.yml;61;18
test/fixtures/related_works.yml;test/fixtures/taggings.yml;61;13
test/fixtures/serial_works.yml;test/fixtures/taggings.yml;61;13
test/fixtures/serial_works.yml;test/fixtures/users.yml;61;13
test/fixtures/related_works.yml;test/fixtures/users.yml;61;13
app/controllers/potential_matches_controller.rb;app/views/potential_matches/_potential_matches.html.erb;60;25
test/fixtures/admins.yml;test/fixtures/bookmarks.yml;60;12
test/fixtures/comments.yml;test/fixtures/serial_works.yml;60;12
test/fixtures/admins.yml;test/fixtures/profiles.yml;60;12
test/fixtures/comments.yml;test/fixtures/related_works.yml;60;12
test/fixtures/common_taggings.yml;test/fixtures/creatorships.yml;60;12
app/models/tag_nomination.rb;app/models/tag_set_nomination.rb;60;12
app/controllers/tag_categories_controller.rb;app/controllers/tag_relationships_controller.rb;60;10
test/fixtures/bookmarks.yml;test/fixtures/roles.yml;60;10
test/fixtures/taggings.yml;test/fixtures/tags.yml;59;22
test/fixtures/inbox_comments.yml;test/fixtures/taggings.yml;59;14
test/fixtures/inbox_comments.yml;test/fixtures/users.yml;59;14
test/fixtures/roles_users.yml;test/fixtures/users.yml;59;14
test/fixtures/series.yml;test/fixtures/users.yml;59;14
test/fixtures/series.yml;test/fixtures/taggings.yml;59;14
test/fixtures/admins.yml;test/fixtures/comments.yml;59;14
test/fixtures/pseuds.yml;test/fixtures/serial_works.yml;59;14
test/fixtures/pseuds.yml;test/fixtures/related_works.yml;59;14
test/fixtures/roles_users.yml;test/fixtures/taggings.yml;59;14
config/deploy/production.rb;config/deploy/staging.rb;58;36
test/fixtures/profiles.yml;test/fixtures/works.yml;58;17
public/404.html;public/500.html;58;17
test/fixtures/chapters.yml;test/fixtures/comments.yml;58;16
test/fixtures/creatorships.yml;test/fixtures/taggings.yml;58;16
test/fixtures/chapters.yml;test/fixtures/serial_works.yml;58;12
test/fixtures/preferences.yml;test/fixtures/roles.yml;58;12
test/fixtures/chapters.yml;test/fixtures/related_works.yml;58;12
test/fixtures/comments.yml;test/fixtures/inbox_comments.yml;58;12
test/fixtures/comments.yml;test/fixtures/roles_users.yml;58;12
test/fixtures/bookmarks.yml;test/fixtures/creatorships.yml;58;12
test/fixtures/comments.yml;test/fixtures/series.yml;58;12
app/models/character_nomination.rb;app/models/tag_set_nomination.rb;58;9
app/views/external_works/_work_module.html.erb;app/views/series/_series_module.html.erb;58;9
app/views/gifts/index_for_collection.html.erb;app/views/translators/new.html.erb;58;9
test/fixtures/bookmarks.yml;test/fixtures/external_works.yml;58;9
app/models/relationship_nomination.rb;app/models/tag_set_nomination.rb;58;9
app/models/fandom_nomination.rb;app/models/tag_set_nomination.rb;58;9
app/models/tag_set_nomination.rb;app/views/owned_tag_sets/review.html.erb;58;9
app/views/works/_collection_filters.html.erb;app/views/works/collected.html.erb;58;9
features/tag_wrangling_freeforms.feature;features/tag_wrangling_relationships.feature;58;9
features/tag_wrangling_fandoms.feature;features/tag_wrangling_freeforms.feature;58;9
test/fixtures/pseuds.yml;test/fixtures/works.yml;57;21
app/models/question.rb;db/migrate/20120730213945_doc_faq_rework.rb;57;18
app/controllers/tag_set_nominations_controller.rb;app/views/tag_set_nominations/_nomination_form.html.erb;57;14
test/fixtures/pseuds.yml;test/fixtures/series.yml;57;14
app/views/potential_matches/_no_assigned_giver.html.erb;app/views/potential_matches/_potential_matches.html.erb;57;14
test/fixtures/inbox_comments.yml;test/fixtures/pseuds.yml;57;14
test/fixtures/pseuds.yml;test/fixtures/roles_users.yml;57;14
test/fixtures/admins.yml;test/fixtures/roles.yml;57;11
app/views/potential_matches/_assignment_with_request.html.erb;app/views/potential_matches/_successful_assignments.html.erb;57;11
spec/api/api_bookmarks_spec.rb;spec/api/api_helper.rb;57;11
public/stylesheets/site/2.0/28-role-ie8_or_lower.css;public/stylesheets/site/2.0/30-role-ie6.css;57;11
app/views/pseuds/edit.html.erb;app/views/pseuds/show.html.erb;57;11
test/fixtures/chapters.yml;test/fixtures/roles_users.yml;56;13
test/fixtures/chapters.yml;test/fixtures/series.yml;56;13
test/fixtures/admins.yml;test/fixtures/creatorships.yml;56;13
test/fixtures/chapters.yml;test/fixtures/inbox_comments.yml;56;13
app/models/owned_tag_set.rb;app/models/tag_set_nomination.rb;56;13
test/fixtures/common_taggings.yml;test/fixtures/preferences.yml;56;13
test/fixtures/comments.yml;test/fixtures/common_taggings.yml;56;13
doc/app/created.rid;doc/app/table_of_contents.html;55;27
app/views/collection_items/_item_form.html.erb;app/views/collection_items/index.html.erb;55;20
public/stylesheets/site/2.0/25-media-midsize.css;public/stylesheets/site/2.0/26-media-narrow.css;55;18
app/models/stat_counter.rb;lib/work_stats.rb;55;15
test/unit/bookmark_test.rb;test/unit/external_work_test.rb;55;9
spec/api/api_helper.rb;spec/api/api_works_spec.rb;55;9
test/unit/admin_test.rb;test/unit/user_test.rb;55;9
test/fixtures/preferences.yml;test/fixtures/users.yml;54;17
test/fixtures/preferences.yml;test/fixtures/taggings.yml;54;17
public/stylesheets/site/2.0/28-role-ie8_or_lower.css;public/stylesheets/site/2.0/29-role-ie5.css;54;11
app/views/user_mailer/invitation_to_claim.html.erb;app/views/user_mailer/invitation_to_claim.text.erb;54;11
app/controllers/collection_items_controller.rb;app/views/collection_items/index.html.erb;53;32
app/controllers/api/v1/bookmarks_controller.rb;spec/api/api_bookmarks_spec.rb;53;15
test/fixtures/bookmarks.yml;test/fixtures/comments.yml;53;13
test/fixtures/bookmarks.yml;test/fixtures/preferences.yml;53;13
test/fixtures/chapters.yml;test/fixtures/common_taggings.yml;53;13
test/fixtures/comments.yml;test/fixtures/profiles.yml;53;13
public/500.html;public/502.html;52;21
test/fixtures/chapters.yml;test/fixtures/users.yml;52;17
test/fixtures/preferences.yml;test/fixtures/pseuds.yml;52;17
test/fixtures/comments.yml;test/fixtures/pseuds.yml;52;17
app/views/challenge_signups/index.html.erb;app/views/challenge_signups/show.html.erb;52;12
doc/app/TagsController.html;doc/app/table_of_contents.html;52;12
features/works/work_dates_edit.feature;features/works/work_edit.feature;52;10
app/views/owned_tag_sets/review.html.erb;app/views/owned_tag_sets/show.html.erb;52;10
app/views/bookmarks/_series_bookmark.html.erb;app/views/bookmarks/_work_bookmark.html.erb;52;10
public/stylesheets/site/2.0/01-core.css;public/stylesheets/site/2.0/29-role-ie5.css;52;10
features/tag_wrangling_characters.feature;features/tag_wrangling_fandoms.feature;52;10
features/tag_wrangling_characters.feature;features/tag_wrangling_relationships.feature;52;10
features/challenge_promptmeme_posting_fills.feature;features/challenge_promptmeme_springkink.feature;52;10
app/views/potential_matches/_assignment_with_request.html.erb;app/views/potential_matches/_no_assigned_recipient.html.erb;52;10
test/fixtures/serial_works.yml;test/fixtures/works.yml;51;16
test/fixtures/chapters.yml;test/fixtures/preferences.yml;51;16
test/fixtures/related_works.yml;test/fixtures/works.yml;51;16
app/views/skins/new.html.erb;app/views/skins/new_wizard.html.erb;51;16
app/views/comments/unreviewed.html.erb;features/comments_and_kudos/comment_moderation.feature;51;14
test/fixtures/roles.yml;test/fixtures/users.yml;51;14
app/views/potential_matches/_potential_matches.html.erb;app/views/potential_matches/_successful_assignments.html.erb;51;14
test/fixtures/roles.yml;test/fixtures/taggings.yml;51;14
app/models/owned_tag_set.rb;app/views/owned_tag_sets/show.html.erb;51;14
test/fixtures/admins.yml;test/fixtures/preferences.yml;51;14
test/fixtures/bookmarks.yml;test/fixtures/chapters.yml;51;14
features/challenge_promptmeme.feature;features/step_definitions/challenge_steps.rb;50;130
test/fixtures/taggings.yml;test/fixtures/users.yml;50;18
app/controllers/favorite_tags_controller.rb;app/views/favorite_tags/_form.html.erb;50;16
test/fixtures/roles_users.yml;test/fixtures/works.yml;50;16
test/fixtures/inbox_comments.yml;test/fixtures/works.yml;50;16
test/fixtures/series.yml;test/fixtures/works.yml;50;16
features/works/work_create.feature;features/works/work_delete.feature;50;16
test/fixtures/admins.yml;test/fixtures/chapters.yml;50;14
app/controllers/api/v1/base_controller.rb;app/controllers/api/v1/bookmarks_controller.rb;50;14
app/views/challenge/gift_exchange/_challenge_signups_summary.html.erb;app/views/challenge_signups/summary.html.erb;50;14
doc/app/WorksController.html;doc/app/js/search_index.js;50;14
test/fixtures/comments.yml;test/fixtures/creatorships.yml;50;14
test/fixtures/pseuds.yml;test/fixtures/roles.yml;50;14
test/fixtures/common_taggings.yml;test/fixtures/users.yml;50;14
app/views/skins/edit.html.erb;app/views/skins/new.html.erb;50;12
public/stylesheets/site/2.0/28-role-ie8_or_lower.css;public/stylesheets/site/2.0/31-role-ie7.css;50;12
doc/app/Work.html;doc/app/js/search_index.js;50;12
app/views/pseuds/new.html.erb;app/views/pseuds/show.html.erb;50;12
test/fixtures/comments.yml;test/fixtures/roles.yml;50;12
app/models/character.rb;app/models/pairing.rb;50;10
app/models/owned_tag_set.rb;app/models/relationship_nomination.rb;50;10
app/views/owned_tag_sets/_tag_set_blurb.html.erb;app/views/owned_tag_sets/_tag_set_form.html.erb;50;10
spec/api/api_authorization_spec.rb;spec/api/api_bookmarks_spec.rb;50;10
features/banner_general.feature;features/banner_login.feature;50;10
app/views/orphans/_orphan_pseud.html.erb;app/views/orphans/_orphan_work.html.erb;50;10
features/bookmark_search.feature;features/work_edit.feature;50;10
app/models/fandom_nomination.rb;app/models/owned_tag_set.rb;50;10
app/models/character_nomination.rb;app/models/owned_tag_set.rb;50;10
test/fixtures/users.yml;test/fixtures/works.yml;48;21
test/fixtures/taggings.yml;test/fixtures/works.yml;48;21
test/fixtures/pseuds.yml;test/fixtures/taggings.yml;48;19
test/fixtures/common_taggings.yml;test/fixtures/works.yml;48;17
test/fixtures/comments.yml;test/fixtures/users.yml;48;17
test/fixtures/bookmarks.yml;test/fixtures/users.yml;48;15
test/fixtures/bookmarks.yml;test/fixtures/taggings.yml;48;15
test/fixtures/common_taggings.yml;test/fixtures/pseuds.yml;48;15
test/fixtures/chapters.yml;test/fixtures/roles.yml;48;13
spec/api/api_bookmarks_spec.rb;spec/api/api_works_spec.rb;48;13
features/fixtures/chapters.yml;features/fixtures/works.yml;48;13
test/unit/inbox_comment_test.rb;test/unit/tagging_test.rb;48;13
test/unit/comment_test.rb;test/unit/inbox_comment_test.rb;48;13
app/models/owned_tag_set.rb;app/views/owned_tag_sets/_tag_set_form.html.erb;48;13
app/views/archive_faqs/index.html.erb;app/views/archive_faqs/show.html.erb;47;30
app/controllers/owned_tag_sets_controller.rb;app/models/owned_tag_set.rb;47;19
test/fixtures/preferences.yml;test/fixtures/works.yml;47;19
app/views/admin_posts/_admin_post_form.html.erb;app/views/known_issues/_known_issues_form.html.erb;47;17
test/fixtures/chapters.yml;test/fixtures/taggings.yml;47;17
app/views/users/_openid.html.erb;app/views/users/_passwd.html.erb;47;17
app/views/tag_set_nominations/_nomination_form.html.erb;app/views/tag_set_nominations/show.html.erb;47;17
app/views/pseuds/index.html.erb;app/views/pseuds/new.html.erb;47;17
app/views/gifts/index_for_collection.html.erb;app/views/translators/index.html.erb;47;11
doc/app/Work.html;doc/app/table_of_contents.html;47;11
app/models/response_observer.rb;app/models/stat_counter.rb;47;11
test/fixtures/comments.yml;test/fixtures/preferences.yml;46;15
test/fixtures/bookmarks.yml;test/fixtures/pseuds.yml;46;15
app/views/admin_posts/_admin_index.html.erb;app/views/admin_posts/index.html.erb;46;15
test/fixtures/admins.yml;test/fixtures/taggings.yml;46;15
doc/app/TagsController.html;doc/app/js/search_index.js;46;13
public/502.html;public/507.html;46;13
app/models/owned_tag_set.rb;app/models/tag_nomination.rb;46;13
app/views/chapters/show.html.erb;app/views/works/show.html.erb;45;56
features/gift_exchanges/challenge_giftexchange.feature;features/step_definitions/challege_gift_exchange_steps.rb;45;24
app/controllers/media_controller.rb;app/views/media/index.html.erb;45;22
app/views/potential_matches/_assignment_with_request.html.erb;app/views/potential_matches/index.html.erb;45;16
test/fixtures/admins.yml;test/fixtures/pseuds.yml;45;16
app/controllers/tag_set_nominations_controller.rb;app/models/owned_tag_set.rb;45;16
app/views/works/edit_multiple.html.erb;app/views/works/show_multiple.html.erb;45;16
app/models/tag_nomination.rb;app/views/tag_set_nominations/_review.html.erb;45;11
app/views/potential_matches/_assignment_with_request.html.erb;app/views/potential_matches/_no_assigned_giver.html.erb;45;11
app/controllers/search_controller.rb;app/views/search/index.html.erb;45;11
features/tag_wrangling_fandoms.feature;features/tag_wrangling_relationships.feature;45;11
app/views/skins/_wizard_form.html.erb;app/views/skins/show.html.erb;44;25
test/fixtures/common_taggings.yml;test/fixtures/tags.yml;44;18
app/models/owned_tag_set.rb;app/models/tag_set.rb;44;18
app/controllers/tag_wranglers_controller.rb;app/views/tag_wranglers/index.html.erb;44;14
config/deploy.rb;config/deploy/staging.rb;43;47
app/views/layouts/home.html.erb;app/views/layouts/session.html.erb;43;23
test/fixtures/profiles.yml;test/fixtures/tags.yml;43;19
features/other_b/skin.feature;features/step_definitions/skin_steps.rb;43;19
app/controllers/owned_tag_sets_controller.rb;app/views/owned_tag_sets/show.html.erb;43;19
app/views/skins/_form.html.erb;app/views/skins/new.html.erb;43;19
test/fixtures/bookmarks.yml;test/fixtures/tags.yml;43;19
app/views/potential_matches/_potential_matches.html.erb;app/views/potential_matches/index.html.erb;43;19
test/fixtures/roles.yml;test/fixtures/works.yml;43;16
app/views/challenge_signups/_promptmeme_signup_form.html.erb;app/views/prompts/_promptmeme_prompt_form.html.erb;43;12
app/controllers/admin/banners_controller.rb;app/views/admin/banners/_banner_form.html.erb;43;12
app/controllers/tag_set_nominations_controller.rb;app/models/character_nomination.rb;43;12
app/models/stat_counter.rb;lib/tasks/statistics_tasks.rake;43;12
doc/app/ChaptersController.html;doc/app/js/search_index.js;43;12
features/step_definitions/tag_set_steps.rb;features/tags_and_wrangling/tag_set.feature;43;12
app/controllers/tag_set_nominations_controller.rb;app/models/relationship_nomination.rb;43;12
app/views/chapters/edit.html.erb;app/views/chapters/new.html.erb;43;12
app/models/tag_nomination.rb;app/views/tag_set_nominations/_nomination_form.html.erb;43;12
lib/html_cleaner.rb;spec/lib/html_cleaner_spec.rb;42;48
app/mailers/comment_mailer.rb;app/mailers/kudo_mailer.rb;42;29
app/views/admin/admin_users/_user_form.html.erb;app/views/admin/admin_users/index.html.erb;42;29
app/controllers/abuse_reports_controller.rb;app/controllers/feedbacks_controller.rb;42;26
app/controllers/potential_matches_controller.rb;app/views/potential_matches/_no_potential_recipients.html.erb;42;24
app/controllers/potential_matches_controller.rb;app/views/potential_matches/_no_potential_givers.html.erb;42;24
test/fixtures/comments.yml;test/fixtures/works.yml;42;19
test/fixtures/comments.yml;test/fixtures/taggings.yml;42;17
app/views/session/_openid.html.erb;public/stylesheets/authentication.css;42;14
app/views/potential_matches/_assignment_with_request.html.erb;app/views/potential_matches/_potential_matches.html.erb;42;14
app/views/session/_passwd.html.erb;public/stylesheets/authentication.css;42;14
features/comments_and_kudos/comment_moderation.feature;features/step_definitions/comment_steps.rb;41;27
app/views/users/_openid.html.erb;app/views/users/new.html.erb;41;27
app/controllers/potential_matches_controller.rb;app/views/potential_matches/index.html.erb;41;27
config/environments/production.rb;config/environments/staging.rb;41;27
app/views/skins/index.html.erb;app/views/skins/show.html.erb;41;27
app/views/session/new.html.erb;public/stylesheets/authentication.css;41;22
public/javascripts/mce_editor.js;public/javascripts/mce_editor.min.js;41;22
test/fixtures/creatorships.yml;test/fixtures/tags.yml;41;20
app/views/skins/_wizard_form.html.erb;app/views/skins/new_wizard.html.erb;41;20
test/fixtures/bookmarks.yml;test/fixtures/works.yml;41;17
app/views/works/search.html.erb;lib/query.rb;41;17
test/fixtures/serial_works.yml;test/fixtures/tags.yml;41;17
test/fixtures/related_works.yml;test/fixtures/tags.yml;41;17
app/views/comments/_comment.html.erb;app/views/comments/_comment_view.html.erb;41;12
app/views/owned_tag_sets/_tag_set_form.html.erb;app/views/owned_tag_sets/show.html.erb;41;12
doc/app/Tag.html;doc/app/js/search_index.js;41;12
public/stylesheets/site/2.0/11-group-listbox.css;public/stylesheets/site/2.0/31-role-ie7.css;41;12
app/views/invite_requests/manage.html.erb;app/views/user_invite_requests/index.html.erb;41;12
app/controllers/translation_controller.rb;app/views/translation/_translation_list.html.erb;41;12
app/views/owned_tag_sets/show.html.erb;app/views/tag_set_nominations/_nomination_form.html.erb;41;12
app/models/tag_set_nomination.rb;app/views/owned_tag_sets/show.html.erb;41;12
public/stylesheets/layout-elements.css;public/stylesheets/story-views.css;40;91
config/deploy.rb;config/deploy/production.rb;40;60
app/views/archive_faqs/_archive_faq_form.html.erb;app/views/archive_faqs/_question_answer_fields.html.erb;40;28
doc/app/WorksController.html;doc/app/created.rid;40;25
app/views/session/_openid.html.erb;app/views/session/new.html.erb;40;23
app/views/session/_passwd.html.erb;app/views/session/new.html.erb;40;23
app/controllers/kudos_controller.rb;app/models/kudo.rb;40;23
app/mailers/admin_mailer.rb;app/mailers/comment_mailer.rb;40;22
app/controllers/api/v1/base_controller.rb;spec/api/api_spec.rb;40;20
test/fixtures/admins.yml;test/fixtures/works.yml;40;18
test/fixtures/series.yml;test/fixtures/tags.yml;40;18
test/fixtures/inbox_comments.yml;test/fixtures/tags.yml;40;18
test/fixtures/roles_users.yml;test/fixtures/tags.yml;40;18
public/502.html;public/503.html;40;15
app/models/owned_tag_set.rb;app/views/tag_set_nominations/_nomination_form.html.erb;40;13
app/views/works/edit_tags.html.erb;app/views/works/preview_tags.html.erb;40;13
doc/app/WorksController.html;doc/app/table_of_contents.html;40;13
app/views/potential_matches/_assignment_with_request.html.erb;app/views/potential_matches/_no_potential_recipients.html.erb;40;13
app/views/potential_matches/_no_assigned_recipient.html.erb;app/views/potential_matches/_potential_matches.html.erb;40;13
app/views/potential_matches/_assignment_with_request.html.erb;app/views/potential_matches/_no_potential_givers.html.erb;40;13
app/views/collections/_filters.html.erb;app/views/works/_collection_filters.html.erb;40;13
app/views/abuse_reports/show.html.erb;app/views/admins/index.html.erb;40;13
app/controllers/abuse_reports_controller.rb;app/models/abuse_report.rb;39;33
test/fixtures/preferences.yml;test/fixtures/tags.yml;39;21
app/views/chapters/_preview_edit.html.erb;app/views/works/_preview_edit.html.erb;39;21
app/models/character.rb;app/models/fandom.rb;39;21
app/controllers/collection_items_controller.rb;app/models/collection_item.rb;38;50
features/bookmarks/bookmark_create.feature;features/step_definitions/bookmark_steps.rb;38;31
app/controllers/api/v1/import_controller.rb;spec/api/api_spec.rb;38;26
test/fixtures/chapters.yml;test/fixtures/tags.yml;38;21
features/profile_edit.feature;features/step_definitions/profile_steps.rb;38;21
features/importing/archivist.feature;features/step_definitions/archivist_steps.rb;38;21
app/views/skins/_wizard_form.html.erb;app/views/skins/new.html.erb;38;18
app/views/pseuds/index.html.erb;app/views/pseuds/show.html.erb;38;18
features/chapter_edit.feature;features/work_edit.feature;38;16
app/views/pseuds/edit.html.erb;app/views/pseuds/index.html.erb;38;16
app/controllers/search_controller.rb;app/views/works/search.html.erb;38;16
features/other_a/banner_general.feature;features/step_definitions/banner_steps.rb;38;16
app/views/user_mailer/claim_notification.html.erb;app/views/user_mailer/claim_notification.text.erb;38;13
public/502.html;public/placeholder.html;38;13
app/views/home/_tos.html.erb;app/views/home/tos_faq.html.erb;37;57
app/controllers/collection_items_controller.rb;app/views/collection_items/_item_form.html.erb;37;27
test/unit/comment_test.rb;test/unit/tagging_test.rb;37;16
app/mailers/collection_mailer.rb;app/mailers/comment_mailer.rb;37;14
app/views/skins/_skin_top_navigation.html.erb;app/views/skins/new.html.erb;37;14
features/other_b/skin.feature;lib/skin_cache_helper.rb;37;14
app/controllers/tag_set_nominations_controller.rb;app/views/tag_set_nominations/_review.html.erb;37;14
app/views/admin/admin_users/index.html.erb;app/views/admin/admin_users/notify.html.erb;36;30
test/unit/chapter_test.rb;test/unit/work_test.rb;36;25
test/fixtures/tags.yml;test/fixtures/users.yml;36;22
app/controllers/challenge_assignments_controller.rb;app/models/challenge_assignment.rb;36;19
test/fixtures/admins.yml;test/fixtures/tags.yml;36;19
app/models/challenge_assignment.rb;app/views/potential_matches/_assignment_with_request.html.erb;36;17
app/views/admin/admin_users/notify.html.erb;app/views/admins/index.html.erb;36;17
app/models/abuse_report.rb;app/models/feedback_reporters/feedback_reporter.rb;35;26
app/views/archive_faqs/_archive_faq_form.html.erb;app/views/archive_faqs/edit.html.erb;35;23
test/fixtures/pseuds.yml;test/fixtures/tags.yml;35;23
config/environments/development.rb;config/environments/test.rb;35;20
app/models/external_author.rb;app/models/invitation.rb;35;20
app/views/skins/index.html.erb;app/views/skins/new.html.erb;35;20
app/models/tag_set_nomination.rb;app/views/tag_set_nominations/show.html.erb;35;17
app/views/works/_work_approved_children.html.erb;app/views/works/_work_header_notes.html.erb;35;14
app/views/media/index.html.erb;app/views/media/show.html.erb;35;14
app/views/admin/admin_users/_user_form.html.erb;app/views/admin/admin_users/_user_listing.html.erb;35;14
app/controllers/user_invite_requests_controller.rb;app/views/user_invite_requests/index.html.erb;35;14
features/tag_wrangling.feature;features/tag_wrangling_more.feature;35;14
app/views/session/new.html.erb;app/views/users/new.html.erb;34;35
app/controllers/stats_controller.rb;app/views/stats/index.html.erb;34;26
app/views/archive_faqs/_archive_faq_form.html.erb;app/views/known_issues/_known_issues_form.html.erb;34;24
doc/app/TagsController.html;doc/app/created.rid;34;24
app/models/fandom.rb;app/models/freeform.rb;34;23
script/seed_dump.rb;script/seed_restore.rb;34;23
test/fixtures/comments.yml;test/fixtures/tags.yml;34;21
test/fixtures/roles.yml;test/fixtures/tags.yml;34;18
app/views/bookmarks/_bookmark_full_info.html.erb;app/views/bookmarks/_bookmark_user_info.html.erb;34;18
app/views/bookmarks/edit.html.erb;app/views/bookmarks/show.html.erb;34;15
app/views/tag_wranglings/index.html.erb;app/views/tags/wrangle.html.erb;33;51
features/skin.feature;features/step_definitions/skin_steps.rb;33;27
features/work_create.feature;features/work_edit.feature;33;21
app/views/skins/new.html.erb;app/views/skins/show.html.erb;33;21
app/controllers/api/v1/base_controller.rb;app/controllers/api/v1/import_controller.rb;33;18
app/controllers/gifts_controller.rb;app/models/gift.rb;33;18
app/controllers/owned_tag_sets_controller.rb;app/views/owned_tag_sets/review.html.erb;33;15
lib/tagging_extensions.rb;test/unit/tagging_test.rb;33;15
app/controllers/tag_set_nominations_controller.rb;app/views/owned_tag_sets/show.html.erb;33;15
app/helpers/prompt_restrictions_helper.rb;app/views/prompt_restrictions/_prompt_restriction_form.html.erb;33;15
app/views/skins/_skin_top_navigation.html.erb;app/views/skins/new_wizard.html.erb;33;15
app/controllers/invitations_controller.rb;app/views/invitations/index.html.erb;33;15
app/controllers/api/v1/works_controller.rb;spec/api/api_works_spec.rb;33;15
public/stylesheets/forms.css;public/stylesheets/layout-elements.css;32;112
app/views/chapters/_chapter_form.html.erb;app/views/works/_work_form.html.erb;32;94
app/models/tag_set.rb;app/views/prompts/_prompt_form.html.erb;32;31
test/fixtures/tags.yml;test/fixtures/works.yml;32;25
app/views/bookmarks/_filters.html.erb;app/views/works/_collection_filters.html.erb;32;22
app/views/works/_search_form.html.erb;app/views/works/search.html.erb;32;22
app/controllers/potential_matches_controller.rb;app/views/potential_matches/_match_navigation.html.erb;32;22
app/views/bookmarks/_external_work_fields.html.erb;app/views/works/_work_form_tags.html.erb;32;16
app/helpers/tag_sets_helper.rb;app/views/tag_set_nominations/_review.html.erb;32;16
app/models/challenge/gift_exchange.rb;app/models/tag_set.rb;32;16
app/views/series/_series_blurb.html.erb;app/views/series/show.html.erb;31;44
app/views/admin_posts/_admin_post_form.html.erb;app/views/archive_faqs/_archive_faq_form.html.erb;31;29
app/views/skins/_form.html.erb;app/views/skins/show.html.erb;31;26
app/controllers/skins_controller.rb;app/views/skins/index.html.erb;31;26
app/models/fandom.rb;app/models/pairing.rb;31;23
app/models/bookmark_search.rb;app/models/work_search.rb;31;23
app/controllers/potential_matches_controller.rb;app/views/potential_matches/_assignment_with_request.html.erb;31;22
app/controllers/potential_matches_controller.rb;app/views/potential_matches/_no_assigned_giver.html.erb;31;22
app/views/challenge/gift_exchange/_challenge_signups.html.erb;app/views/challenge_signups/index.html.erb;31;22
features/preferences_edit.feature;features/work_create.feature;31;22
app/views/skins/_skin_top_navigation.html.erb;app/views/skins/index.html.erb;31;19
app/views/skins/edit.html.erb;app/views/skins/show.html.erb;31;19
app/views/abuse_reports/show.html.erb;app/views/admin/admin_users/notify.html.erb;31;19
app/controllers/people_controller.rb;app/views/people/index.html.erb;31;16
app/controllers/subscriptions_controller.rb;app/views/subscriptions/index.html.erb;31;16
app/controllers/bookmarks_controller.rb;app/models/bookmark.rb;30;87
app/controllers/series_controller.rb;app/models/series.rb;30;49
app/models/admin_setting.rb;app/views/admin/settings/index.html.erb;30;30
app/models/user_mailer.rb;app/views/user_mailer/coauthor_notification.html.erb;30;26
app/views/admin/admin_users/_user_history.html.erb;app/views/admin/admin_users/index.html.erb;30;23
app/controllers/tag_set_nominations_controller.rb;app/views/tag_set_nominations/show.html.erb;30;20
app/models/prompt_restriction.rb;app/models/tag_set.rb;30;20
features/banner_general.feature;features/step_definitions/banner_steps.rb;30;20
app/views/user_mailer/claim_notification.html.erb;app/views/user_mailer/invitation_to_claim.html.erb;30;17
app/views/tag_set_nominations/_review.html.erb;app/views/tag_set_nominations/show.html.erb;30;17
features/chapter_edit.feature;features/preferences_edit.feature;30;17
app/models/admin_post.rb;app/views/admin_posts/_admin_post_form.html.erb;30;17
