Project,Task,Changed files,TestI,TextI,TestIWithDeps,IsolatedDeps,Precision,Recall,F2,PrecisionDeps,RecallDeps,F2Deps,ProductionChangedFiles,TestIwithFilteredDeps,FilteredDeps,ChangedPrecision,ChangedRecall,Changedf2,ChangedPrecisionDeps,ChangedRecallDeps,Changedf2Deps
https://github.com/jekyll/jekyll,805,"[lib/jekyll/drops/collection_drop.rb, lib/jekyll/drops/document_drop.rb, lib/jekyll/drops/site_drop.rb, lib/jekyll/drops/url_drop.rb, lib/jekyll/document.rb, lib/jekyll/url.rb, lib/jekyll/utils.rb, test/test_url.rb, lib/jekyll.rb, lib/jekyll/drops/immutable_drop.rb, features/post_data.feature, test/test_excerpt.rb, test/test_page.rb, features/hooks.feature, features/collections.feature, lib/jekyll/drops/unified_payload_drop.rb, lib/jekyll/drops/mutable_drop.rb, lib/jekyll/collection.rb, lib/jekyll/convertible.rb, lib/jekyll/drops/jekyll_drop.rb, lib/jekyll/page.rb, lib/jekyll/renderer.rb, lib/jekyll/site.rb]","[lib/jekyll/convertible.rb, lib/jekyll/document.rb, lib/jekyll/excerpt.rb, lib/jekyll/liquid_renderer/file.rb, lib/jekyll/static_file.rb]","[features/collections.feature, lib/jekyll/document.rb]","['lib/jekyll/convertible.rb', 'lib/jekyll/document.rb', 'lib/jekyll/excerpt.rb', 'lib/jekyll/liquid_renderer/file.rb', 'lib/jekyll/static_file.rb']",,0.4,0.08695652173913043,0.10309278350515463,0.4,0.08695652173913043,0.10309278350515463,"['lib/jekyll/drops/collection_drop.rb', 'lib/jekyll/drops/document_drop.rb', 'lib/jekyll/drops/site_drop.rb', 'lib/jekyll/drops/url_drop.rb', 'lib/jekyll/document.rb', 'lib/jekyll/url.rb', 'lib/jekyll/utils.rb', 'lib/jekyll.rb', 'lib/jekyll/drops/immutable_drop.rb', 'lib/jekyll/drops/unified_payload_drop.rb', 'lib/jekyll/drops/mutable_drop.rb', 'lib/jekyll/collection.rb', 'lib/jekyll/convertible.rb', 'lib/jekyll/drops/jekyll_drop.rb', 'lib/jekyll/page.rb', 'lib/jekyll/renderer.rb', 'lib/jekyll/site.rb']","['lib/jekyll/convertible.rb', 'lib/jekyll/document.rb', 'lib/jekyll/excerpt.rb', 'lib/jekyll/liquid_renderer/file.rb', 'lib/jekyll/static_file.rb']",,0.4,0.11764705882352941,0.136986301369863,0.4,0.11764705882352941,0.136986301369863
https://github.com/jekyll/jekyll,838,"[History.markdown, features/include_tag.feature, lib/jekyll/tags/include.rb]","[lib/jekyll/convertible.rb, lib/jekyll/document.rb, lib/jekyll/excerpt.rb, lib/jekyll/liquid_renderer/file.rb, lib/jekyll/static_file.rb]","[features/include_tag.feature, lib/jekyll/tags/include.rb]","['lib/jekyll/convertible.rb', 'lib/jekyll/document.rb', 'lib/jekyll/excerpt.rb', 'lib/jekyll/liquid_renderer/file.rb', 'lib/jekyll/static_file.rb']",,0.0,0.0,0.0,0.0,0.0,0.0,['lib/jekyll/tags/include.rb'],"['lib/jekyll/convertible.rb', 'lib/jekyll/document.rb', 'lib/jekyll/excerpt.rb', 'lib/jekyll/liquid_renderer/file.rb', 'lib/jekyll/static_file.rb']",,0.0,0.0,0.0,0.0,0.0,0.0
https://github.com/jekyll/jekyll,855,"[features/include_tag.feature, lib/jekyll/tags/include.rb]","[lib/jekyll/convertible.rb, lib/jekyll/document.rb, lib/jekyll/excerpt.rb, lib/jekyll/liquid_renderer/file.rb, lib/jekyll/static_file.rb]","[features/include_tag.feature, lib/jekyll/tags/include.rb]","['lib/jekyll/convertible.rb', 'lib/jekyll/document.rb', 'lib/jekyll/excerpt.rb', 'lib/jekyll/liquid_renderer/file.rb', 'lib/jekyll/static_file.rb']",,0.0,0.0,0.0,0.0,0.0,0.0,['lib/jekyll/tags/include.rb'],"['lib/jekyll/convertible.rb', 'lib/jekyll/document.rb', 'lib/jekyll/excerpt.rb', 'lib/jekyll/liquid_renderer/file.rb', 'lib/jekyll/static_file.rb']",,0.0,0.0,0.0,0.0,0.0,0.0
https://github.com/jekyll/jekyll,863,"[features/post_data.feature, lib/jekyll/document.rb, test/test_site.rb, test/test_tags.rb]","[lib/jekyll/convertible.rb, lib/jekyll/document.rb, lib/jekyll/excerpt.rb, lib/jekyll/liquid_renderer/file.rb, lib/jekyll/static_file.rb]","[features/post_data.feature, lib/jekyll/post.rb, test/test_post.rb]","['lib/jekyll/convertible.rb', 'lib/jekyll/document.rb', 'lib/jekyll/excerpt.rb', 'lib/jekyll/liquid_renderer/file.rb', 'lib/jekyll/static_file.rb']",,0.2,0.25,0.23809523809523808,0.2,0.25,0.23809523809523808,['lib/jekyll/document.rb'],"['lib/jekyll/convertible.rb', 'lib/jekyll/document.rb', 'lib/jekyll/excerpt.rb', 'lib/jekyll/liquid_renderer/file.rb', 'lib/jekyll/static_file.rb']",,0.2,1.0,0.5555555555555556,0.2,1.0,0.5555555555555556
https://github.com/jekyll/jekyll,867,"[lib/jekyll/converters/markdown/kramdown_parser.rb, features/collections.feature, test/test_kramdown.rb]","[lib/jekyll/convertible.rb, lib/jekyll/document.rb, lib/jekyll/excerpt.rb, lib/jekyll/liquid_renderer/file.rb, lib/jekyll/static_file.rb]",[features/collections.feature],"['lib/jekyll/convertible.rb', 'lib/jekyll/document.rb', 'lib/jekyll/excerpt.rb', 'lib/jekyll/liquid_renderer/file.rb', 'lib/jekyll/static_file.rb']",,0.0,0.0,0.0,0.0,0.0,0.0,['lib/jekyll/converters/markdown/kramdown_parser.rb'],"['lib/jekyll/convertible.rb', 'lib/jekyll/document.rb', 'lib/jekyll/excerpt.rb', 'lib/jekyll/liquid_renderer/file.rb', 'lib/jekyll/static_file.rb']",,0.0,0.0,0.0,0.0,0.0,0.0
https://github.com/jekyll/jekyll,870,"[History.markdown, features/rendering.feature, features/step_definitions/jekyll_steps.rb, features/support/env.rb, lib/jekyll/convertible.rb]","[lib/jekyll/convertible.rb, lib/jekyll/document.rb, lib/jekyll/excerpt.rb, lib/jekyll/liquid_renderer/file.rb, lib/jekyll/static_file.rb]",[lib/jekyll/convertible.rb],"['lib/jekyll/convertible.rb', 'lib/jekyll/document.rb', 'lib/jekyll/excerpt.rb', 'lib/jekyll/liquid_renderer/file.rb', 'lib/jekyll/static_file.rb']",,0.2,0.2,0.2,0.2,0.2,0.2,['lib/jekyll/convertible.rb'],"['lib/jekyll/convertible.rb', 'lib/jekyll/document.rb', 'lib/jekyll/excerpt.rb', 'lib/jekyll/liquid_renderer/file.rb', 'lib/jekyll/static_file.rb']",,0.2,1.0,0.5555555555555556,0.2,1.0,0.5555555555555556
https://github.com/jekyll/jekyll,1108,"[features/collections.feature, lib/jekyll/utils.rb, lib/jekyll/converters/markdown.rb]","[lib/jekyll/convertible.rb, lib/jekyll/document.rb, lib/jekyll/excerpt.rb, lib/jekyll/static_file.rb]","[features/collections.feature, lib/jekyll/filters.rb]","['lib/jekyll/convertible.rb', 'lib/jekyll/document.rb', 'lib/jekyll/excerpt.rb', 'lib/jekyll/static_file.rb']",,0.0,0.0,0.0,0.0,0.0,0.0,"['lib/jekyll/utils.rb', 'lib/jekyll/converters/markdown.rb']","['lib/jekyll/convertible.rb', 'lib/jekyll/document.rb', 'lib/jekyll/excerpt.rb', 'lib/jekyll/static_file.rb']",,0.0,0.0,0.0,0.0,0.0,0.0
https://github.com/jekyll/jekyll,1114,"[features/frontmatter_defaults.feature, lib/jekyll/post.rb]","[lib/jekyll/convertible.rb, lib/jekyll/document.rb, lib/jekyll/excerpt.rb, lib/jekyll/static_file.rb]","[features/frontmatter_defaults.feature, lib/jekyll/convertible.rb, lib/jekyll/post.rb]","['lib/jekyll/static_file.rb', 'lib/jekyll/document.rb', 'lib/jekyll/excerpt.rb', 'test/test_document.rb', 'lib/jekyll/convertible.rb']",['test/test_document.rb'],0.0,0.0,0.0,0.0,0.0,0.0,['lib/jekyll/post.rb'],"['lib/jekyll/static_file.rb', 'lib/jekyll/document.rb', 'lib/jekyll/excerpt.rb', 'test/test_document.rb', 'lib/jekyll/convertible.rb']",['test/test_document.rb'],0.0,0.0,0.0,0.0,0.0,0.0
https://github.com/jekyll/jekyll,1116,"[features/permalinks.feature, lib/jekyll/post.rb, test/test_post.rb]","[lib/jekyll/convertible.rb, lib/jekyll/document.rb, lib/jekyll/excerpt.rb, lib/jekyll/static_file.rb]","[features/permalinks.feature, lib/jekyll/post.rb, test/test_post.rb]","['lib/jekyll/convertible.rb', 'lib/jekyll/document.rb', 'lib/jekyll/excerpt.rb', 'lib/jekyll/static_file.rb']",,0.0,0.0,0.0,0.0,0.0,0.0,['lib/jekyll/post.rb'],"['lib/jekyll/convertible.rb', 'lib/jekyll/document.rb', 'lib/jekyll/excerpt.rb', 'lib/jekyll/static_file.rb']",,0.0,0.0,0.0,0.0,0.0,0.0
https://github.com/jekyll/jekyll,1122,"[lib/jekyll/post.rb, test/test_post.rb, features/post_data.feature, test/source/_posts/2013-07-22-post-excerpt-with-layout.markdown, test/source/_posts/2013-12-20-properties.text, test/source/_posts/2014-07-05-another-mixed-case-category.markdown, test/source/_posts/2014-07-05-mixed-case-category.markdown, test/test_excerpt.rb, test/test_generated_site.rb, test/test_site.rb]","[lib/jekyll/convertible.rb, lib/jekyll/document.rb, lib/jekyll/excerpt.rb, lib/jekyll/static_file.rb]","[features/post_data.feature, lib/jekyll/post.rb, test/test_post.rb]","['lib/jekyll/site.rb', 'lib/jekyll/static_file.rb', 'lib/jekyll/document.rb', 'lib/jekyll/excerpt.rb', 'test/test_document.rb', 'lib/jekyll/convertible.rb']","['lib/jekyll/site.rb', 'test/test_document.rb']",0.0,0.0,0.0,0.0,0.0,0.0,['lib/jekyll/post.rb'],"['lib/jekyll/site.rb', 'lib/jekyll/static_file.rb', 'lib/jekyll/document.rb', 'lib/jekyll/excerpt.rb', 'test/test_document.rb', 'lib/jekyll/convertible.rb']","['lib/jekyll/site.rb', 'test/test_document.rb']",0.0,0.0,0.0,0.0,0.0,0.0
https://github.com/jekyll/jekyll,1151,"[features/collections.feature, lib/jekyll/document.rb, test/source/_methods/escape-+ #%20[].md, test/test_collections.rb, test/test_document.rb]","[lib/jekyll/convertible.rb, lib/jekyll/document.rb, lib/jekyll/excerpt.rb, lib/jekyll/static_file.rb]",[features/collections.feature],"['lib/jekyll/convertible.rb', 'lib/jekyll/document.rb', 'lib/jekyll/excerpt.rb', 'lib/jekyll/static_file.rb']",,0.25,0.2,0.20833333333333334,0.25,0.2,0.20833333333333334,['lib/jekyll/document.rb'],"['lib/jekyll/convertible.rb', 'lib/jekyll/document.rb', 'lib/jekyll/excerpt.rb', 'lib/jekyll/static_file.rb']",,0.25,1.0,0.625,0.25,1.0,0.625
https://github.com/jekyll/jekyll,1173,"[lib/jekyll/convertible.rb, lib/jekyll/commands/build.rb, lib/jekyll/cleaner.rb, lib/jekyll/configuration.rb, lib/jekyll/metadata.rb, lib/jekyll/site.rb, test/test_metadata.rb, lib/jekyll/document.rb, features/incremental_rebuild.feature, features/step_definitions/jekyll_steps.rb, lib/jekyll/command.rb, lib/jekyll.rb, lib/jekyll/layout.rb, lib/jekyll/renderer.rb, lib/jekyll/static_file.rb, lib/jekyll/tags/include.rb, test/test_document.rb, lib/jekyll/commands/clean.rb, test/test_site.rb, test/helper.rb, .gitignore, site/.gitignore]","[lib/jekyll/convertible.rb, lib/jekyll/document.rb, lib/jekyll/excerpt.rb, lib/jekyll/static_file.rb]","[features/create_sites.feature, lib/jekyll/site.rb, test/test_generated_site.rb]","['lib/jekyll/static_file.rb', 'lib/jekyll/document.rb', 'lib/jekyll/excerpt.rb', 'lib/jekyll/convertible.rb']",,0.75,0.13636363636363635,0.16304347826086957,0.75,0.13636363636363635,0.16304347826086957,"['lib/jekyll/convertible.rb', 'lib/jekyll/commands/build.rb', 'lib/jekyll/cleaner.rb', 'lib/jekyll/configuration.rb', 'lib/jekyll/metadata.rb', 'lib/jekyll/site.rb', 'lib/jekyll/document.rb', 'lib/jekyll/command.rb', 'lib/jekyll.rb', 'lib/jekyll/layout.rb', 'lib/jekyll/renderer.rb', 'lib/jekyll/static_file.rb', 'lib/jekyll/tags/include.rb', 'lib/jekyll/commands/clean.rb']","['lib/jekyll/static_file.rb', 'lib/jekyll/document.rb', 'lib/jekyll/excerpt.rb', 'lib/jekyll/convertible.rb']",,0.75,0.21428571428571427,0.24999999999999997,0.75,0.21428571428571427,0.24999999999999997
https://github.com/jekyll/jekyll,1225,"[Rakefile, site/_docs/plugins.md, lib/jekyll/plugin_manager.rb, test/helper.rb, test/test_plugin_manager.rb, features/plugins.feature, bin/jekyll, features/support/env.rb, features/site_configuration.feature, features/step_definitions/jekyll_steps.rb]","[lib/jekyll/convertible.rb, lib/jekyll/document.rb, lib/jekyll/excerpt.rb, lib/jekyll/static_file.rb]","[features/site_configuration.feature, lib/jekyll/site.rb]","['lib/jekyll/convertible.rb', 'lib/jekyll/document.rb', 'lib/jekyll/excerpt.rb', 'lib/jekyll/static_file.rb']",,0.0,0.0,0.0,0.0,0.0,0.0,['lib/jekyll/plugin_manager.rb'],"['lib/jekyll/convertible.rb', 'lib/jekyll/document.rb', 'lib/jekyll/excerpt.rb', 'lib/jekyll/static_file.rb']",,0.0,0.0,0.0,0.0,0.0,0.0
https://github.com/jekyll/jekyll,1234,"[History.markdown, lib/jekyll/utils.rb, site/_docs/plugins.md, features/permalinks.feature, lib/jekyll/post.rb, test/test_post.rb]","[lib/jekyll/convertible.rb, lib/jekyll/document.rb, lib/jekyll/excerpt.rb, lib/jekyll/static_file.rb]","[features/permalinks.feature, lib/jekyll/post.rb]","['lib/jekyll/convertible.rb', 'lib/jekyll/document.rb', 'lib/jekyll/excerpt.rb', 'lib/jekyll/static_file.rb']",,0.0,0.0,0.0,0.0,0.0,0.0,"['lib/jekyll/utils.rb', 'lib/jekyll/post.rb']","['lib/jekyll/convertible.rb', 'lib/jekyll/document.rb', 'lib/jekyll/excerpt.rb', 'lib/jekyll/static_file.rb']",,0.0,0.0,0.0,0.0,0.0,0.0
https://github.com/jekyll/jekyll,1259,"[History.markdown, lib/jekyll/convertible.rb, features/permalinks.feature, lib/jekyll/post.rb, test/test_post.rb]","[lib/jekyll/convertible.rb, lib/jekyll/document.rb, lib/jekyll/excerpt.rb, lib/jekyll/static_file.rb]",[features/permalinks.feature],"['lib/jekyll/convertible.rb', 'lib/jekyll/document.rb', 'lib/jekyll/excerpt.rb', 'lib/jekyll/static_file.rb']",,0.25,0.2,0.20833333333333334,0.25,0.2,0.20833333333333334,"['lib/jekyll/convertible.rb', 'lib/jekyll/post.rb']","['lib/jekyll/convertible.rb', 'lib/jekyll/document.rb', 'lib/jekyll/excerpt.rb', 'lib/jekyll/static_file.rb']",,0.25,0.5,0.4166666666666667,0.25,0.5,0.4166666666666667
https://github.com/jekyll/jekyll,1264,"[lib/jekyll/post.rb, features/permalinks.feature]","[lib/jekyll/convertible.rb, lib/jekyll/document.rb, lib/jekyll/excerpt.rb, lib/jekyll/static_file.rb]",[lib/jekyll/post.rb],"['lib/jekyll/convertible.rb', 'lib/jekyll/document.rb', 'lib/jekyll/excerpt.rb', 'lib/jekyll/static_file.rb']",,0.0,0.0,0.0,0.0,0.0,0.0,['lib/jekyll/post.rb'],"['lib/jekyll/convertible.rb', 'lib/jekyll/document.rb', 'lib/jekyll/excerpt.rb', 'lib/jekyll/static_file.rb']",,0.0,0.0,0.0,0.0,0.0,0.0
https://github.com/jekyll/jekyll,1311,"[lib/jekyll/site.rb, History.markdown, features/data.feature]","[lib/jekyll/convertible.rb, lib/jekyll/document.rb, lib/jekyll/excerpt.rb, lib/jekyll/static_file.rb]","[features/data.feature, lib/jekyll/site.rb, test/test_site.rb]","['lib/jekyll/convertible.rb', 'lib/jekyll/document.rb', 'lib/jekyll/excerpt.rb', 'lib/jekyll/static_file.rb']",,0.0,0.0,0.0,0.0,0.0,0.0,['lib/jekyll/site.rb'],"['lib/jekyll/convertible.rb', 'lib/jekyll/document.rb', 'lib/jekyll/excerpt.rb', 'lib/jekyll/static_file.rb']",,0.0,0.0,0.0,0.0,0.0,0.0
https://github.com/jekyll/jekyll,1353,"[lib/jekyll/tags/include.rb, features/include_tag.feature, test/source/_posts/2013-12-17-include-variable-filters.markdown, test/test_tags.rb]","[lib/jekyll/convertible.rb, lib/jekyll/document.rb, lib/jekyll/excerpt.rb, lib/jekyll/static_file.rb]","[features/include_tag.feature, lib/jekyll/tags/include.rb]","['lib/jekyll/static_file.rb', 'lib/jekyll/document.rb', 'lib/jekyll/excerpt.rb', 'lib/jekyll/convertible.rb']",,0.0,0.0,0.0,0.0,0.0,0.0,['lib/jekyll/tags/include.rb'],"['lib/jekyll/static_file.rb', 'lib/jekyll/document.rb', 'lib/jekyll/excerpt.rb', 'lib/jekyll/convertible.rb']",,0.0,0.0,0.0,0.0,0.0,0.0
https://github.com/jekyll/jekyll,1395,"[lib/jekyll/convertible.rb, lib/jekyll/site.rb, features/site_configuration.feature]","[lib/jekyll/convertible.rb, lib/jekyll/document.rb, lib/jekyll/excerpt.rb, lib/jekyll/static_file.rb]","[features/site_configuration.feature, lib/jekyll/site.rb]","['lib/jekyll/convertible.rb', 'lib/jekyll/document.rb', 'lib/jekyll/excerpt.rb', 'lib/jekyll/static_file.rb']",,0.25,0.3333333333333333,0.3125,0.25,0.3333333333333333,0.3125,"['lib/jekyll/convertible.rb', 'lib/jekyll/site.rb']","['lib/jekyll/convertible.rb', 'lib/jekyll/document.rb', 'lib/jekyll/excerpt.rb', 'lib/jekyll/static_file.rb']",,0.25,0.5,0.4166666666666667,0.25,0.5,0.4166666666666667
https://github.com/jekyll/jekyll,1403,"[features/frontmatter_defaults.feature, lib/jekyll/frontmatter_defaults.rb]","[lib/jekyll/convertible.rb, lib/jekyll/document.rb, lib/jekyll/excerpt.rb, lib/jekyll/static_file.rb]","[features/frontmatter_defaults.feature, site/docs/configuration.md]","['lib/jekyll/convertible.rb', 'lib/jekyll/document.rb', 'lib/jekyll/excerpt.rb', 'lib/jekyll/static_file.rb']",,0.0,0.0,0.0,0.0,0.0,0.0,['lib/jekyll/frontmatter_defaults.rb'],"['lib/jekyll/convertible.rb', 'lib/jekyll/document.rb', 'lib/jekyll/excerpt.rb', 'lib/jekyll/static_file.rb']",,0.0,0.0,0.0,0.0,0.0,0.0
https://github.com/jekyll/jekyll,1415,"[features/post_data.feature, test/test_post.rb, lib/jekyll/post.rb]","[lib/jekyll/convertible.rb, lib/jekyll/document.rb, lib/jekyll/excerpt.rb, lib/jekyll/static_file.rb]","[features/post_data.feature, test/test_post.rb]","['lib/jekyll/convertible.rb', 'lib/jekyll/document.rb', 'lib/jekyll/excerpt.rb', 'lib/jekyll/static_file.rb']",,0.0,0.0,0.0,0.0,0.0,0.0,['lib/jekyll/post.rb'],"['lib/jekyll/convertible.rb', 'lib/jekyll/document.rb', 'lib/jekyll/excerpt.rb', 'lib/jekyll/static_file.rb']",,0.0,0.0,0.0,0.0,0.0,0.0
https://github.com/jekyll/jekyll,1419,"[features/frontmatter_defaults.feature, site/docs/configuration.md, test/source/_slides/example-slide-1.html, test/source/_slides/example-slide-2.html, test/test_document.rb, lib/jekyll/document.rb]","[lib/jekyll/convertible.rb, lib/jekyll/document.rb, lib/jekyll/excerpt.rb, lib/jekyll/static_file.rb]",[lib/jekyll/site.rb],"['lib/jekyll/convertible.rb', 'lib/jekyll/document.rb', 'lib/jekyll/excerpt.rb', 'lib/jekyll/static_file.rb']",,0.25,0.16666666666666666,0.17857142857142855,0.25,0.16666666666666666,0.17857142857142855,['lib/jekyll/document.rb'],"['lib/jekyll/convertible.rb', 'lib/jekyll/document.rb', 'lib/jekyll/excerpt.rb', 'lib/jekyll/static_file.rb']",,0.25,1.0,0.625,0.25,1.0,0.625
https://github.com/jekyll/jekyll,1447,"[features/collections.feature, lib/jekyll/collection.rb, lib/jekyll/document.rb, site/docs/collections.md, test/test_collections.rb]","[lib/jekyll/convertible.rb, lib/jekyll/document.rb, lib/jekyll/excerpt.rb, lib/jekyll/static_file.rb]",[features/collections.feature],"['lib/jekyll/convertible.rb', 'lib/jekyll/document.rb', 'lib/jekyll/excerpt.rb', 'lib/jekyll/static_file.rb']",,0.25,0.2,0.20833333333333334,0.25,0.2,0.20833333333333334,"['lib/jekyll/collection.rb', 'lib/jekyll/document.rb']","['lib/jekyll/convertible.rb', 'lib/jekyll/document.rb', 'lib/jekyll/excerpt.rb', 'lib/jekyll/static_file.rb']",,0.25,0.5,0.4166666666666667,0.25,0.5,0.4166666666666667
https://github.com/jekyll/jekyll,1473,"[History.markdown, .travis.yml, features/data.feature, lib/jekyll/site.rb, site/docs/datafiles.md, test/source/_data/members.json, test/test_site.rb]","[lib/jekyll/convertible.rb, lib/jekyll/document.rb, lib/jekyll/excerpt.rb, lib/jekyll/static_file.rb]",[jekyll.gemspec],"['lib/jekyll/convertible.rb', 'lib/jekyll/document.rb', 'lib/jekyll/excerpt.rb', 'lib/jekyll/static_file.rb']",,0.0,0.0,0.0,0.0,0.0,0.0,['lib/jekyll/site.rb'],"['lib/jekyll/convertible.rb', 'lib/jekyll/document.rb', 'lib/jekyll/excerpt.rb', 'lib/jekyll/static_file.rb']",,0.0,0.0,0.0,0.0,0.0,0.0
https://github.com/jekyll/jekyll,1474,"[lib/jekyll/filters.rb, test/source/_methods/site/initialize.md, features/collections.feature]","[lib/jekyll/convertible.rb, lib/jekyll/document.rb, lib/jekyll/excerpt.rb, lib/jekyll/static_file.rb]",[features/collections.feature],"['lib/jekyll/convertible.rb', 'lib/jekyll/document.rb', 'lib/jekyll/excerpt.rb', 'lib/jekyll/static_file.rb']",,0.0,0.0,0.0,0.0,0.0,0.0,['lib/jekyll/filters.rb'],"['lib/jekyll/convertible.rb', 'lib/jekyll/document.rb', 'lib/jekyll/excerpt.rb', 'lib/jekyll/static_file.rb']",,0.0,0.0,0.0,0.0,0.0,0.0
https://github.com/jekyll/jekyll,1478,"[features/collections.feature, lib/jekyll/filters.rb]","[lib/jekyll/convertible.rb, lib/jekyll/document.rb, lib/jekyll/excerpt.rb, lib/jekyll/static_file.rb]","[features/collections.feature, lib/jekyll/document.rb]","['lib/jekyll/convertible.rb', 'lib/jekyll/document.rb', 'lib/jekyll/excerpt.rb', 'lib/jekyll/static_file.rb']",,0.0,0.0,0.0,0.0,0.0,0.0,['lib/jekyll/filters.rb'],"['lib/jekyll/convertible.rb', 'lib/jekyll/document.rb', 'lib/jekyll/excerpt.rb', 'lib/jekyll/static_file.rb']",,0.0,0.0,0.0,0.0,0.0,0.0
https://github.com/jekyll/jekyll,1504,"[features/collections.feature, lib/jekyll/site.rb, lib/jekyll/document.rb]","[lib/jekyll/convertible.rb, lib/jekyll/document.rb, lib/jekyll/excerpt.rb, lib/jekyll/static_file.rb]",[lib/jekyll/site.rb],"['lib/jekyll/convertible.rb', 'lib/jekyll/document.rb', 'lib/jekyll/excerpt.rb', 'lib/jekyll/static_file.rb']",,0.25,0.3333333333333333,0.3125,0.25,0.3333333333333333,0.3125,"['lib/jekyll/site.rb', 'lib/jekyll/document.rb']","['lib/jekyll/convertible.rb', 'lib/jekyll/document.rb', 'lib/jekyll/excerpt.rb', 'lib/jekyll/static_file.rb']",,0.25,0.5,0.4166666666666667,0.25,0.5,0.4166666666666667
https://github.com/jekyll/jekyll,1523,"[features/frontmatter_defaults.feature, lib/jekyll/convertible.rb, lib/jekyll/post.rb]","[lib/jekyll/command.rb, lib/jekyll/convertible.rb, lib/jekyll/static_file.rb]",[lib/jekyll/post.rb],"['lib/jekyll/static_file.rb', 'lib/jekyll/convertible.rb', 'lib/jekyll/command.rb']",,0.3333333333333333,0.3333333333333333,0.3333333333333333,0.3333333333333333,0.3333333333333333,0.3333333333333333,"['lib/jekyll/convertible.rb', 'lib/jekyll/post.rb']","['lib/jekyll/static_file.rb', 'lib/jekyll/convertible.rb', 'lib/jekyll/command.rb']",,0.3333333333333333,0.5,0.45454545454545453,0.3333333333333333,0.5,0.45454545454545453
https://github.com/jekyll/jekyll,1529,"[features/create_sites.feature, test/test_post.rb, features/step_definitions/jekyll_steps.rb, lib/jekyll/site.rb, lib/jekyll.rb, lib/jekyll/publisher.rb, lib/jekyll/command.rb, lib/jekyll/configuration.rb]","[lib/jekyll/command.rb, lib/jekyll/convertible.rb, lib/jekyll/static_file.rb]","[features/create_sites.feature, features/site_configuration.feature, lib/jekyll/site.rb]","['lib/jekyll/command.rb', 'lib/jekyll/convertible.rb', 'lib/jekyll/static_file.rb']",,0.3333333333333333,0.125,0.14285714285714285,0.3333333333333333,0.125,0.14285714285714285,"['lib/jekyll/site.rb', 'lib/jekyll.rb', 'lib/jekyll/publisher.rb', 'lib/jekyll/command.rb', 'lib/jekyll/configuration.rb']","['lib/jekyll/command.rb', 'lib/jekyll/convertible.rb', 'lib/jekyll/static_file.rb']",,0.3333333333333333,0.2,0.21739130434782608,0.3333333333333333,0.2,0.21739130434782608
https://github.com/jekyll/jekyll,1609,"[features/drafts.feature, lib/jekyll/draft.rb, test/source/_drafts/draft-properties.text, test/test_draft.rb, test/test_post.rb]","[lib/jekyll/command.rb, lib/jekyll/convertible.rb, lib/jekyll/static_file.rb]",[features/support/env.rb],"['lib/jekyll/command.rb', 'lib/jekyll/convertible.rb', 'lib/jekyll/static_file.rb']",,0.0,0.0,0.0,0.0,0.0,0.0,['lib/jekyll/draft.rb'],"['lib/jekyll/command.rb', 'lib/jekyll/convertible.rb', 'lib/jekyll/static_file.rb']",,0.0,0.0,0.0,0.0,0.0,0.0
https://github.com/jekyll/jekyll,1620,"[features/markdown.feature, lib/jekyll/configuration.rb, site/docs/configuration.md, test/source/_includes/sig.markdown, test/test_configuration.rb, test/test_excerpt.rb, test/test_filters.rb, test/test_post.rb, test/test_tags.rb]","[lib/jekyll/command.rb, lib/jekyll/convertible.rb, lib/jekyll/static_file.rb]",[features/markdown.feature],"['lib/jekyll/command.rb', 'lib/jekyll/convertible.rb', 'lib/jekyll/static_file.rb']",,0.0,0.0,0.0,0.0,0.0,0.0,['lib/jekyll/configuration.rb'],"['lib/jekyll/command.rb', 'lib/jekyll/convertible.rb', 'lib/jekyll/static_file.rb']",,0.0,0.0,0.0,0.0,0.0,0.0
https://github.com/jekyll/jekyll,1675,"[jekyll.gemspec, lib/jekyll/converters/markdown/redcarpet_parser.rb, features/site_configuration.feature, lib/jekyll/configuration.rb, lib/jekyll/deprecator.rb, site/docs/installation.md, site/docs/posts.md, lib/jekyll/tags/highlight.rb, test/test_configuration.rb, History.markdown, site/_config.yml, site/docs/configuration.md, site/docs/templates.md, site/docs/troubleshooting.md, test/test_redcarpet.rb, lib/jekyll/converter.rb, lib/jekyll/converters/markdown.rb, lib/jekyll/converters/textile.rb, lib/jekyll/convertible.rb, lib/jekyll/site.rb, lib/site_template/_config.yml, test/test_tags.rb]","[lib/jekyll/command.rb, lib/jekyll/convertible.rb, lib/jekyll/static_file.rb]",[features/site_configuration.feature],"['lib/jekyll/command.rb', 'lib/jekyll/convertible.rb', 'lib/jekyll/static_file.rb']",,0.3333333333333333,0.045454545454545456,0.05494505494505495,0.3333333333333333,0.045454545454545456,0.05494505494505495,"['lib/jekyll/converters/markdown/redcarpet_parser.rb', 'lib/jekyll/configuration.rb', 'lib/jekyll/deprecator.rb', 'lib/jekyll/tags/highlight.rb', 'lib/jekyll/converter.rb', 'lib/jekyll/converters/markdown.rb', 'lib/jekyll/converters/textile.rb', 'lib/jekyll/convertible.rb', 'lib/jekyll/site.rb']","['lib/jekyll/command.rb', 'lib/jekyll/convertible.rb', 'lib/jekyll/static_file.rb']",,0.3333333333333333,0.1111111111111111,0.1282051282051282,0.3333333333333333,0.1111111111111111,0.1282051282051282
https://github.com/jekyll/jekyll,1693,"[lib/jekyll/convertible.rb, lib/jekyll/page.rb, lib/jekyll/post.rb, test/source/_posts/2013-12-20-properties.text, test/source/properties.html, test/test_filters.rb, test/test_generated_site.rb, test/test_page.rb, test/test_post.rb, test/test_site.rb, features/embed_filters.feature, features/step_definitions/jekyll_steps.rb]","[lib/jekyll/command.rb, lib/jekyll/convertible.rb, lib/jekyll/static_file.rb]",[lib/jekyll/site.rb],"['lib/jekyll/command.rb', 'lib/jekyll/convertible.rb', 'lib/jekyll/static_file.rb']",,0.3333333333333333,0.08333333333333333,0.09803921568627451,0.3333333333333333,0.08333333333333333,0.09803921568627451,"['lib/jekyll/convertible.rb', 'lib/jekyll/page.rb', 'lib/jekyll/post.rb']","['lib/jekyll/command.rb', 'lib/jekyll/convertible.rb', 'lib/jekyll/static_file.rb']",,0.3333333333333333,0.3333333333333333,0.3333333333333333,0.3333333333333333,0.3333333333333333,0.3333333333333333
https://github.com/jekyll/jekyll,1721,"[lib/jekyll/site.rb, features/support/env.rb, features/step_definitions/jekyll_steps.rb, jekyll.gemspec, bin/jekyll, features/site_configuration.feature]","[lib/jekyll/command.rb, lib/jekyll/convertible.rb, lib/jekyll/static_file.rb]","[features/site_configuration.feature, lib/jekyll/site.rb]","['lib/jekyll/command.rb', 'lib/jekyll/convertible.rb', 'lib/jekyll/static_file.rb']",,0.0,0.0,0.0,0.0,0.0,0.0,['lib/jekyll/site.rb'],"['lib/jekyll/command.rb', 'lib/jekyll/convertible.rb', 'lib/jekyll/static_file.rb']",,0.0,0.0,0.0,0.0,0.0,0.0
https://github.com/jekyll/jekyll,1725,"[lib/jekyll/convertible.rb, lib/jekyll/draft.rb, lib/jekyll/page.rb, lib/jekyll/post.rb, lib/jekyll/frontmatter_defaults.rb, site/docs/configuration.md, features/frontmatter_defaults.feature]","[lib/jekyll/command.rb, lib/jekyll/convertible.rb, lib/jekyll/static_file.rb]","[lib/jekyll.rb, lib/jekyll/site.rb]","['lib/jekyll/command.rb', 'lib/jekyll/convertible.rb', 'lib/jekyll/static_file.rb']",,0.3333333333333333,0.14285714285714285,0.16129032258064516,0.3333333333333333,0.14285714285714285,0.16129032258064516,"['lib/jekyll/convertible.rb', 'lib/jekyll/draft.rb', 'lib/jekyll/page.rb', 'lib/jekyll/post.rb', 'lib/jekyll/frontmatter_defaults.rb']","['lib/jekyll/command.rb', 'lib/jekyll/convertible.rb', 'lib/jekyll/static_file.rb']",,0.3333333333333333,0.2,0.21739130434782608,0.3333333333333333,0.2,0.21739130434782608
https://github.com/jekyll/jekyll,1772,"[Gemfile, features/site_configuration.feature, jekyll.gemspec, lib/jekyll/configuration.rb, lib/jekyll/site.rb, site/docs/upgrading.md]","[lib/jekyll/command.rb, lib/jekyll/convertible.rb, lib/jekyll/static_file.rb]",[features/site_configuration.feature],"['lib/jekyll/command.rb', 'lib/jekyll/convertible.rb', 'lib/jekyll/static_file.rb']",,0.0,0.0,0.0,0.0,0.0,0.0,"['lib/jekyll/configuration.rb', 'lib/jekyll/site.rb']","['lib/jekyll/command.rb', 'lib/jekyll/convertible.rb', 'lib/jekyll/static_file.rb']",,0.0,0.0,0.0,0.0,0.0,0.0
https://github.com/jekyll/jekyll,1779,"[features/frontmatter_defaults.feature, lib/jekyll/convertible.rb, lib/jekyll/frontmatter_defaults.rb, features/post_data.feature, site/docs/configuration.md, site/docs/frontmatter.md, lib/jekyll/core_ext.rb, lib/jekyll/page.rb, lib/jekyll/post.rb, lib/jekyll.rb, lib/jekyll/configuration.rb, lib/jekyll/site.rb, lib/jekyll/draft.rb]","[lib/jekyll/command.rb, lib/jekyll/convertible.rb, lib/jekyll/static_file.rb]","[features/step_definitions/jekyll_steps.rb, lib/jekyll.rb, lib/jekyll/site.rb]","['lib/jekyll/command.rb', 'lib/jekyll/convertible.rb', 'lib/jekyll/static_file.rb']",,0.3333333333333333,0.07692307692307693,0.09090909090909091,0.3333333333333333,0.07692307692307693,0.09090909090909091,"['lib/jekyll/convertible.rb', 'lib/jekyll/frontmatter_defaults.rb', 'lib/jekyll/core_ext.rb', 'lib/jekyll/page.rb', 'lib/jekyll/post.rb', 'lib/jekyll.rb', 'lib/jekyll/configuration.rb', 'lib/jekyll/site.rb', 'lib/jekyll/draft.rb']","['lib/jekyll/command.rb', 'lib/jekyll/convertible.rb', 'lib/jekyll/static_file.rb']",,0.3333333333333333,0.1111111111111111,0.1282051282051282,0.3333333333333333,0.1111111111111111,0.1282051282051282
https://github.com/jekyll/jekyll,1783,"[History.markdown, features/create_sites.feature, features/step_definitions/jekyll_steps.rb, lib/jekyll/site.rb, test/source/_layouts/post/simple.html, test/test_site.rb, lib/jekyll/cleaner.rb]","[lib/jekyll/command.rb, lib/jekyll/convertible.rb, lib/jekyll/static_file.rb]","[lib/jekyll.rb, lib/jekyll/site.rb, test/test_pager.rb]","['lib/jekyll/command.rb', 'lib/jekyll/convertible.rb', 'lib/jekyll/static_file.rb']",,0.0,0.0,0.0,0.0,0.0,0.0,"['lib/jekyll/site.rb', 'lib/jekyll/cleaner.rb']","['lib/jekyll/command.rb', 'lib/jekyll/convertible.rb', 'lib/jekyll/static_file.rb']",,0.0,0.0,0.0,0.0,0.0,0.0
https://github.com/jekyll/jekyll,1798,"[site/docs/templates.md, features/include_tag.feature, lib/jekyll/tags/include.rb]","[lib/jekyll/command.rb, lib/jekyll/convertible.rb, lib/jekyll/static_file.rb]","[bin/jekyll, features/create_sites.feature, lib/jekyll/site.rb]","['lib/jekyll/command.rb', 'lib/jekyll/convertible.rb', 'lib/jekyll/static_file.rb']",,0.0,0.0,0.0,0.0,0.0,0.0,['lib/jekyll/tags/include.rb'],"['lib/jekyll/command.rb', 'lib/jekyll/convertible.rb', 'lib/jekyll/static_file.rb']",,0.0,0.0,0.0,0.0,0.0,0.0
https://github.com/jekyll/jekyll,1808,"[features/data.feature, features/step_definitions/jekyll_steps.rb, jekyll.gemspec, lib/jekyll/configuration.rb, lib/jekyll/site.rb, site/docs/structure.md, test/source/_data/languages.yml, test/source/_data/members.yaml, test/source/_data/products.yml, test/source/products.yml, test/source/symlink-test/_data, test/test_site.rb]","[lib/jekyll/command.rb, lib/jekyll/convertible.rb, lib/jekyll/static_file.rb]",[features/site_configuration.feature],"['lib/jekyll/command.rb', 'lib/jekyll/convertible.rb', 'lib/jekyll/static_file.rb']",,0.0,0.0,0.0,0.0,0.0,0.0,"['lib/jekyll/configuration.rb', 'lib/jekyll/site.rb']","['lib/jekyll/command.rb', 'lib/jekyll/convertible.rb', 'lib/jekyll/static_file.rb']",,0.0,0.0,0.0,0.0,0.0,0.0
https://github.com/jekyll/jekyll,1820,"[features/site_configuration.feature, features/step_definitions/jekyll_steps.rb, lib/jekyll/site.rb]","[lib/jekyll/command.rb, lib/jekyll/convertible.rb, lib/jekyll/static_file.rb]",[features/site_configuration.feature],"['lib/jekyll/command.rb', 'lib/jekyll/convertible.rb', 'lib/jekyll/static_file.rb']",,0.0,0.0,0.0,0.0,0.0,0.0,['lib/jekyll/site.rb'],"['lib/jekyll/command.rb', 'lib/jekyll/convertible.rb', 'lib/jekyll/static_file.rb']",,0.0,0.0,0.0,0.0,0.0,0.0
https://github.com/jekyll/jekyll,1852,"[features/site_data.feature, lib/jekyll/site.rb]","[lib/jekyll/command.rb, lib/jekyll/convertible.rb, lib/jekyll/static_file.rb]",[features/site_data.feature],"['lib/jekyll/command.rb', 'lib/jekyll/convertible.rb', 'lib/jekyll/static_file.rb']",,0.0,0.0,0.0,0.0,0.0,0.0,['lib/jekyll/site.rb'],"['lib/jekyll/command.rb', 'lib/jekyll/convertible.rb', 'lib/jekyll/static_file.rb']",,0.0,0.0,0.0,0.0,0.0,0.0
https://github.com/jekyll/jekyll,1908,"[lib/jekyll/excerpt.rb, features/post_excerpts.feature, test/test_excerpt.rb, features/step_definitions/jekyll_steps.rb, test/source/_posts/2013-07-22-post-excerpt-with-layout.markdown, test/test_generated_site.rb, lib/jekyll/convertible.rb, lib/jekyll/post.rb, lib/jekyll/stevenson.rb]","[lib/jekyll/command.rb, lib/jekyll/convertible.rb, lib/jekyll/static_file.rb]","[features/step_definitions/jekyll_steps.rb, lib/jekyll.rb, lib/jekyll/site.rb]","['lib/jekyll/command.rb', 'lib/jekyll/convertible.rb', 'lib/jekyll/static_file.rb']",,0.3333333333333333,0.1111111111111111,0.1282051282051282,0.3333333333333333,0.1111111111111111,0.1282051282051282,"['lib/jekyll/excerpt.rb', 'lib/jekyll/convertible.rb', 'lib/jekyll/post.rb', 'lib/jekyll/stevenson.rb']","['lib/jekyll/command.rb', 'lib/jekyll/convertible.rb', 'lib/jekyll/static_file.rb']",,0.3333333333333333,0.25,0.2631578947368421,0.3333333333333333,0.25,0.2631578947368421
https://github.com/jekyll/jekyll,1926,"[lib/jekyll/tags/include.rb, features/include_tag.feature, site/docs/templates.md, test/source/_includes/params.html, test/test_tags.rb, features/step_definitions/jekyll_steps.rb]","[lib/jekyll/command.rb, lib/jekyll/convertible.rb, lib/jekyll/static_file.rb]",[lib/jekyll/site.rb],"['lib/jekyll/static_file.rb', 'lib/jekyll/convertible.rb', 'lib/jekyll/command.rb']",,0.0,0.0,0.0,0.0,0.0,0.0,['lib/jekyll/tags/include.rb'],"['lib/jekyll/static_file.rb', 'lib/jekyll/convertible.rb', 'lib/jekyll/command.rb']",,0.0,0.0,0.0,0.0,0.0,0.0
https://github.com/jekyll/jekyll,1940,"[features/create_sites.feature, features/step_definitions/jekyll_steps.rb, lib/jekyll/site.rb]","[lib/jekyll/command.rb, lib/jekyll/convertible.rb, lib/jekyll/static_file.rb]","[features/create_sites.feature, features/site_configuration.feature, lib/jekyll/site.rb]","['lib/jekyll/static_file.rb', 'lib/jekyll/convertible.rb', 'lib/jekyll/command.rb']",,0.0,0.0,0.0,0.0,0.0,0.0,['lib/jekyll/site.rb'],"['lib/jekyll/static_file.rb', 'lib/jekyll/convertible.rb', 'lib/jekyll/command.rb']",,0.0,0.0,0.0,0.0,0.0,0.0
https://github.com/jekyll/jekyll,1952,"[test/test_pager.rb, lib/jekyll/generators/pagination.rb, lib/jekyll/configuration.rb, features/step_definitions/jekyll_steps.rb, features/pagination.feature]","[lib/jekyll/command.rb, lib/jekyll/convertible.rb, lib/jekyll/static_file.rb]",[features/pagination.feature],"['lib/jekyll/command.rb', 'lib/jekyll/convertible.rb', 'lib/jekyll/static_file.rb']",,0.0,0.0,0.0,0.0,0.0,0.0,"['lib/jekyll/generators/pagination.rb', 'lib/jekyll/configuration.rb']","['lib/jekyll/command.rb', 'lib/jekyll/convertible.rb', 'lib/jekyll/static_file.rb']",,0.0,0.0,0.0,0.0,0.0,0.0
https://github.com/jekyll/jekyll,2039,"[test/helper.rb, test/test_pager.rb, lib/jekyll/generators/pagination.rb, features/step_definitions/jekyll_steps.rb, features/pagination.feature]","[lib/jekyll/command.rb, lib/jekyll/convertible.rb, lib/jekyll/static_file.rb]",[features/pagination.feature],"['lib/jekyll/command.rb', 'lib/jekyll/convertible.rb', 'lib/jekyll/static_file.rb']",,0.0,0.0,0.0,0.0,0.0,0.0,['lib/jekyll/generators/pagination.rb'],"['lib/jekyll/command.rb', 'lib/jekyll/convertible.rb', 'lib/jekyll/static_file.rb']",,0.0,0.0,0.0,0.0,0.0,0.0
https://github.com/jekyll/jekyll,2079,"[features/post_data.feature, features/site_data.feature, features/step_definitions/jekyll_steps.rb, lib/jekyll/page.rb, lib/jekyll/post.rb]","[lib/jekyll/command.rb, lib/jekyll/page.rb, lib/jekyll/post.rb, lib/jekyll/static_file.rb]",[lib/jekyll/site.rb],"['lib/jekyll/command.rb', 'lib/jekyll/page.rb', 'lib/jekyll/post.rb', 'lib/jekyll/static_file.rb']",,0.5,0.4,0.4166666666666667,0.5,0.4,0.4166666666666667,"['lib/jekyll/page.rb', 'lib/jekyll/post.rb']","['lib/jekyll/command.rb', 'lib/jekyll/page.rb', 'lib/jekyll/post.rb', 'lib/jekyll/static_file.rb']",,0.5,1.0,0.8333333333333334,0.5,1.0,0.8333333333333334
https://github.com/jekyll/jekyll,2081,"[features/post_data.feature, features/site_data.feature, lib/jekyll/post.rb, lib/jekyll/page.rb]","[lib/jekyll/command.rb, lib/jekyll/page.rb, lib/jekyll/post.rb, lib/jekyll/static_file.rb]",[lib/jekyll/site.rb],"['lib/jekyll/command.rb', 'lib/jekyll/page.rb', 'lib/jekyll/post.rb', 'lib/jekyll/static_file.rb']",,0.5,0.5,0.5,0.5,0.5,0.5,"['lib/jekyll/post.rb', 'lib/jekyll/page.rb']","['lib/jekyll/command.rb', 'lib/jekyll/page.rb', 'lib/jekyll/post.rb', 'lib/jekyll/static_file.rb']",,0.5,1.0,0.8333333333333334,0.5,1.0,0.8333333333333334
https://github.com/jekyll/jekyll,2298,"[bin/jekyll, features/create_sites.feature, features/site_configuration.feature, lib/jekyll/site.rb, test/test_generated_site.rb]","[lib/jekyll/page.rb, lib/jekyll/post.rb, lib/jekyll/static_file.rb]","[features/site_configuration.feature, lib/jekyll/site.rb]","['lib/jekyll/page.rb', 'lib/jekyll/post.rb', 'lib/jekyll/static_file.rb']",,0.0,0.0,0.0,0.0,0.0,0.0,['lib/jekyll/site.rb'],"['lib/jekyll/page.rb', 'lib/jekyll/post.rb', 'lib/jekyll/static_file.rb']",,0.0,0.0,0.0,0.0,0.0,0.0
https://github.com/jekyll/jekyll,2299,"[bin/jekyll, features/create_sites.feature, features/site_configuration.feature, lib/jekyll/site.rb, test/test_generated_site.rb]","[lib/jekyll/page.rb, lib/jekyll/post.rb, lib/jekyll/static_file.rb]","[features/site_configuration.feature, lib/jekyll/site.rb]","['lib/jekyll/page.rb', 'lib/jekyll/post.rb', 'lib/jekyll/static_file.rb']",,0.0,0.0,0.0,0.0,0.0,0.0,['lib/jekyll/site.rb'],"['lib/jekyll/page.rb', 'lib/jekyll/post.rb', 'lib/jekyll/static_file.rb']",,0.0,0.0,0.0,0.0,0.0,0.0
https://github.com/jekyll/jekyll,2323,"[History.txt, lib/jekyll/tags/highlight.rb, features/create_sites.feature, features/step_definitions/jekyll_steps.rb]","[lib/jekyll/page.rb, lib/jekyll/post.rb, lib/jekyll/static_file.rb]","[features/site_configuration.feature, lib/jekyll/site.rb]","['lib/jekyll/page.rb', 'lib/jekyll/post.rb', 'lib/jekyll/static_file.rb']",,0.0,0.0,0.0,0.0,0.0,0.0,['lib/jekyll/tags/highlight.rb'],"['lib/jekyll/page.rb', 'lib/jekyll/post.rb', 'lib/jekyll/static_file.rb']",,0.0,0.0,0.0,0.0,0.0,0.0
https://github.com/jekyll/jekyll,2325,"[History.txt, lib/jekyll/tags/highlight.rb, jekyll.gemspec, VERSION.yml, features/markdown.feature, features/pagination.feature, lib/jekyll/page.rb, lib/jekyll/site.rb]","[lib/jekyll/page.rb, lib/jekyll/post.rb, lib/jekyll/static_file.rb]","[features/pagination.feature, lib/jekyll/site.rb]","['lib/jekyll/page.rb', 'lib/jekyll/post.rb', 'lib/jekyll/static_file.rb']",,0.3333333333333333,0.125,0.14285714285714285,0.3333333333333333,0.125,0.14285714285714285,"['lib/jekyll/tags/highlight.rb', 'lib/jekyll/page.rb', 'lib/jekyll/site.rb']","['lib/jekyll/page.rb', 'lib/jekyll/post.rb', 'lib/jekyll/static_file.rb']",,0.3333333333333333,0.3333333333333333,0.3333333333333333,0.3333333333333333,0.3333333333333333,0.3333333333333333
https://github.com/jekyll/jekyll,2346,"[features/permalinks.feature, lib/jekyll/page.rb, test/test_page.rb, test/source/about.html, test/source/contacts.html, test/test_generated_site.rb]","[lib/jekyll/page.rb, lib/jekyll/post.rb]",[features/site_configuration.feature],"['lib/jekyll/page.rb', 'lib/jekyll/post.rb']",,0.5,0.16666666666666666,0.1923076923076923,0.5,0.16666666666666666,0.1923076923076923,['lib/jekyll/page.rb'],"['lib/jekyll/page.rb', 'lib/jekyll/post.rb']",,0.5,1.0,0.8333333333333334,0.5,1.0,0.8333333333333334
https://github.com/jekyll/jekyll,2354,"[features/permalinks.feature, features/support/env.rb, lib/jekyll/post.rb, test/test_post.rb, features/site_configuration.feature]","[lib/jekyll/page.rb, lib/jekyll/post.rb]","[README.textile, lib/jekyll/site.rb]","['lib/jekyll/page.rb', 'lib/jekyll/post.rb']",,0.5,0.2,0.22727272727272727,0.5,0.2,0.22727272727272727,['lib/jekyll/post.rb'],"['lib/jekyll/page.rb', 'lib/jekyll/post.rb']",,0.5,1.0,0.8333333333333334,0.5,1.0,0.8333333333333334
